1nstA00.pdb,32
3q87B00.pdb,32
2af4C01.pdb,32
2gruA02.pdb,32
2ltbA00.pdb,32
1qzrA01.pdb,32
3gb8B00.pdb,32
1rozB00.pdb,32
3mepA00.pdb,32
2cp6A01.pdb,32
2gdgA00.pdb,32
3crvA01.pdb,32
2wxyC01.pdb,32
5yfjA01.pdb,32
1ae9A00.pdb,32
5t3eB02.pdb,32
2dv6A02.pdb,32
1wvhA00.pdb,32
3a44A01.pdb,32
2i7gA00.pdb,32
1ayrB02.pdb,32
1cpyA01.pdb,32
3w6vA00.pdb,32
1kutA02.pdb,32
2v1pA02.pdb,32
2elbA01.pdb,32
3v1tC01.pdb,32
1epuA01.pdb,32
1xm7A00.pdb,32
3cjnA00.pdb,32
3lrkA02.pdb,32
1v1gA00.pdb,32
2ddzE00.pdb,32
3pv4A01.pdb,32
3ryoA01.pdb,32
5dmdA00.pdb,32
2nqlA02.pdb,32
2vgmA01.pdb,32
4bmdA01.pdb,32
2pmiB00.pdb,32
3kt4A02.pdb,32
3d3yA02.pdb,32
3spcA02.pdb,32
1j5wA01.pdb,32
2uv8A04.pdb,32
3bp1A02.pdb,32
1sxrA00.pdb,32
4o89A01.pdb,32
1br2A01.pdb,32
2ip4A01.pdb,32
2dnfA01.pdb,32
2f2fA00.pdb,32
2ykyA02.pdb,32
2zxiA04.pdb,32
1w36B01.pdb,32
4z85A00.pdb,32
1xsrA00.pdb,32
1rfmA02.pdb,32
1k4iA00.pdb,32
1yr7A01.pdb,32
3bdlA01.pdb,32
2o8bB03.pdb,32
2qwvA00.pdb,32
1wa5C00.pdb,32
3zizA00.pdb,32
1nvmA01.pdb,32
5g2cA00.pdb,32
2zbaA02.pdb,32
2vz4A00.pdb,32
3nwjA00.pdb,32
5erxA03.pdb,32
3bbjA00.pdb,32
2lcjA00.pdb,32
3biqA02.pdb,32
1i9zA00.pdb,32
4az3B00.pdb,32
2dmkA01.pdb,32
2b5vA01.pdb,32
4jq9A03.pdb,32
2q02A00.pdb,32
2pytA00.pdb,32
3d8dA00.pdb,32
3dr5A00.pdb,32
3k2oA01.pdb,32
1kfuL02.pdb,32
1nvmA02.pdb,32
2vacA00.pdb,32
3hriB01.pdb,32
3ce9A01.pdb,32
4rv0A01.pdb,32
1vw3D00.pdb,32
4b4oA00.pdb,32
4bwzA00.pdb,32
1vk6A02.pdb,32
1qf8A02.pdb,32
2o5rA03.pdb,32
3q2vA03.pdb,32
4ie5A01.pdb,32
3vteA02.pdb,32
3nowA01.pdb,32
4hnvB01.pdb,32
1ahlA00.pdb,32
3krtC01.pdb,32
4x90A01.pdb,32
1g0hA01.pdb,32
1ca1A02.pdb,32
3abzA01.pdb,32
4f92B07.pdb,32
4a3sA02.pdb,32
4m88A01.pdb,32
3zgzD04.pdb,32
2xzmM01.pdb,32
1wg2A00.pdb,32
4cbgC02.pdb,32
1qr0A02.pdb,32
1xbzB00.pdb,32
2csgA00.pdb,32
2vqeR00.pdb,32
1q74B00.pdb,32
6elbA00.pdb,32
3hviA00.pdb,32
2v5bA00.pdb,32
4wkwB00.pdb,32
4ri1C00.pdb,32
2plnA00.pdb,32
1o69A02.pdb,32
1k12A00.pdb,32
3igrA00.pdb,32
2xcyA00.pdb,32
2cxaA01.pdb,32
1ie0A00.pdb,32
2pm6A00.pdb,32
2jpeA00.pdb,32
6ga0A02.pdb,32
4i14A02.pdb,32
5eoxB03.pdb,32
1ajwA00.pdb,32
2htiA00.pdb,32
4cbvA02.pdb,32
3thxB03.pdb,32
2r78A00.pdb,32
3mjqA00.pdb,32
2wngA03.pdb,32
1g8mA04.pdb,32
4hheA02.pdb,32
2pakA00.pdb,32
1wk0A01.pdb,32
1vx7700.pdb,32
1crkA02.pdb,32
4fppA02.pdb,32
5dkaA00.pdb,32
3fnrA02.pdb,32
3itlD00.pdb,32
3bp6A00.pdb,32
4s0pA00.pdb,32
3brwC02.pdb,32
2an1C02.pdb,32
1nd6A00.pdb,32
3pqvA02.pdb,32
5t0oA04.pdb,32
4g59C02.pdb,32
2felA00.pdb,32
1uthA01.pdb,32
1y10B02.pdb,32
3razA00.pdb,32
2rfiB00.pdb,32
4igvA00.pdb,32
3o21A02.pdb,32
2y4rA02.pdb,32
1c9bA02.pdb,32
2cybB02.pdb,32
4bjyA02.pdb,32
1m6kA00.pdb,32
4lduA02.pdb,32
2c2xA02.pdb,32
3qc2A00.pdb,32
1h7sA02.pdb,32
5o60P01.pdb,32
1rq2B02.pdb,32
1b5eA00.pdb,32
2lleA00.pdb,32
5lwxA03.pdb,32
2ahfA00.pdb,32
2w27B01.pdb,32
4e4uA01.pdb,32
3k5pA03.pdb,32
2a14A00.pdb,32
5iepA00.pdb,32
4mo4A02.pdb,32
2astB00.pdb,32
3t8tA00.pdb,32
1cttA02.pdb,32
1gsoA04.pdb,32
2pmzB08.pdb,32
1pjqA01.pdb,32
1dvpA01.pdb,32
1gaxA01.pdb,32
2v0rA00.pdb,32
1oq4A00.pdb,32
3wjmA02.pdb,32
3uh7A00.pdb,32
2cqaA01.pdb,32
4a42A00.pdb,32
2xzmV01.pdb,32
4aktB00.pdb,32
1s9rA01.pdb,32
2b8tB02.pdb,32
1xhbA02.pdb,32
2m7fA00.pdb,32
3fl7A04.pdb,32
3w0lB03.pdb,32
2v7zA03.pdb,32
4f7oA00.pdb,32
4zcnA00.pdb,32
4oyvA01.pdb,32
1m3eA01.pdb,32
4q11A00.pdb,32
2y3sA02.pdb,32
3iefA01.pdb,32
3oetA01.pdb,32
1kflA00.pdb,32
1uujA00.pdb,32
4em2A00.pdb,32
2obnA02.pdb,32
1ur3M00.pdb,32
5fsvA00.pdb,32
1e3oC01.pdb,32
1j3bA02.pdb,32
5c33A00.pdb,32
3we9A00.pdb,32
3g8kA00.pdb,32
3vnyA02.pdb,32
1ju3A02.pdb,32
4ja3A03.pdb,32
1l1lA01.pdb,32
3iylW03.pdb,32
5e9jA00.pdb,32
1aihA00.pdb,32
5ly3A01.pdb,32
1rz4A01.pdb,32
4pvkA03.pdb,32
4ag5B01.pdb,32
5hx0A00.pdb,32
1hf2A02.pdb,32
3bijA00.pdb,32
5m3gB00.pdb,32
2nx8A00.pdb,32
4b45A02.pdb,32
2cfoA02.pdb,32
1ahpA01.pdb,32
2b8mA00.pdb,32
2vvtA01.pdb,32
3wqlA01.pdb,32
3it4D02.pdb,32
1euaA00.pdb,32
1rv9A00.pdb,32
2yclA01.pdb,32
3opyB04.pdb,32
4rt0A00.pdb,32
2p35A01.pdb,32
2y8nA00.pdb,32
5fj8A06.pdb,32
1c8zA00.pdb,32
2bzgA00.pdb,32
3oy2A02.pdb,32
3lpxB02.pdb,32
1qmoE01.pdb,32
2a1tR01.pdb,32
3nxkA02.pdb,32
2h34A01.pdb,32
3daoA02.pdb,32
3atsA02.pdb,32
1q3iA00.pdb,32
3zkvA00.pdb,32
1uanA00.pdb,32
4ae7A00.pdb,32
4hbdA00.pdb,32
5h3uA01.pdb,32
1c1dA02.pdb,32
2nutA03.pdb,32
3volA00.pdb,32
1jvsA03.pdb,32
1p5tA00.pdb,32
4q9vA00.pdb,32
1jcmP00.pdb,32
2r3zB00.pdb,32
5y5sL01.pdb,32
3u9tB01.pdb,32
2jaxA01.pdb,32
3zvsB00.pdb,32
1q7lA00.pdb,32
3w2zA00.pdb,32
4xpzA03.pdb,32
1ywkC00.pdb,32
1mgvA01.pdb,32
2ob5A00.pdb,32
4gx0B05.pdb,32
3qxbA00.pdb,32
1vx7E02.pdb,32
4jqsA00.pdb,32
1d2fA02.pdb,32
4mloA01.pdb,32
1pg5B02.pdb,32
1on0A00.pdb,32
1y2iA00.pdb,32
2ozeA00.pdb,32
3h6eA03.pdb,32
3ib3A03.pdb,32
2cfoA05.pdb,32
1iokA02.pdb,32
2wxfA01.pdb,32
5kl3A00.pdb,32
1rkxA01.pdb,32
1lslA01.pdb,32
3nzqA01.pdb,32
2pygA00.pdb,32
3bs4A00.pdb,32
4nz1A01.pdb,32
2kupA01.pdb,32
1xruA02.pdb,32
2gu2A01.pdb,32
4m75E00.pdb,32
6c98A01.pdb,32
1hbkA00.pdb,32
5z2uA03.pdb,32
5dxfB01.pdb,32
3gehA02.pdb,32
5kszA01.pdb,32
1lw4A01.pdb,32
1l7vA00.pdb,32
1vr3A00.pdb,32
4bxsV03.pdb,32
3jb9Z00.pdb,32
5thxA02.pdb,32
1nvmB01.pdb,32
3sc7X02.pdb,32
4kvmA01.pdb,32
2nu8B02.pdb,32
1js1Y01.pdb,32
2bsyA01.pdb,32
2i02A00.pdb,32
4u3jA03.pdb,32
3kg6B00.pdb,32
4bpuC00.pdb,32
4gymA00.pdb,32
3ph9A00.pdb,32
2e3tB05.pdb,32
2cb0A02.pdb,32
5e2cA00.pdb,32
2gw1A02.pdb,32
1x64A01.pdb,32
1c3aA00.pdb,32
4emeA01.pdb,32
3ly1A01.pdb,32
3r8eA01.pdb,32
4ljyA02.pdb,32
3r0hG01.pdb,32
2cxkA00.pdb,32
1rrkA01.pdb,32
2xgjB02.pdb,32
4tyzA00.pdb,32
4i6vA01.pdb,32
2pfcA00.pdb,32
3a2eA00.pdb,32
1te5A00.pdb,32
5nnaA00.pdb,32
5bmnA01.pdb,32
1gqeA01.pdb,32
3bjdA02.pdb,32
3gdhA00.pdb,32
1uw6B00.pdb,32
3ctzA01.pdb,32
3oi8A01.pdb,32
1xf8A02.pdb,32
4ag4A02.pdb,32
3h7iA01.pdb,32
3u4zA00.pdb,32
1dw9A02.pdb,32
3ky8A01.pdb,32
3co8A01.pdb,32
4glaC00.pdb,32
1jeyA01.pdb,32
1cjyB02.pdb,32
3t1iA01.pdb,32
5ic7A00.pdb,32
1iooA00.pdb,32
5d8nA01.pdb,32
3hyiA01.pdb,32
1ecsA00.pdb,32
3zeuA01.pdb,32
1hh2P04.pdb,32
1b12C01.pdb,32
1za0A00.pdb,32
1s29A00.pdb,32
5iz3A01.pdb,32
3c4bA01.pdb,32
5xymT00.pdb,32
2idbA02.pdb,32
2hx1A01.pdb,32
1k70A02.pdb,32
4aukA03.pdb,32
1vq8J00.pdb,32
1vliA01.pdb,32
3lppA02.pdb,32
4lzpA00.pdb,32
6fhoA01.pdb,32
1wfxA01.pdb,32
2khcA00.pdb,32
2qxfA01.pdb,32
1wb3A02.pdb,32
3uorB02.pdb,32
2vutH01.pdb,32
2o34A00.pdb,32
3fi9A02.pdb,32
1ezwA00.pdb,32
3l2pA01.pdb,32
1bheA00.pdb,32
1u0vB01.pdb,32
3votB02.pdb,32
3s8mA00.pdb,32
1dquA01.pdb,32
1g5hA02.pdb,32
4am6A01.pdb,32
1st0A02.pdb,32
3iam400.pdb,32
2z0pC00.pdb,32
2h1jA00.pdb,32
3pz6D00.pdb,32
1v7oA01.pdb,32
6az1L00.pdb,32
2atfA00.pdb,32
5xymZ00.pdb,32
2cfuA01.pdb,32
5k91B00.pdb,32
4a60A00.pdb,32
1rxdA00.pdb,32
3nrkA01.pdb,32
2wolA02.pdb,32
4c5cA03.pdb,32
3dnsA00.pdb,32
3lppA04.pdb,32
3uomA02.pdb,32
2hjpA00.pdb,32
3p0hA02.pdb,32
1b3uA00.pdb,32
3lhhA01.pdb,32
3euaA03.pdb,32
1a9xB02.pdb,32
3tw6C01.pdb,32
3gk6A00.pdb,32
1za4A00.pdb,32
3vzbB02.pdb,32
3ttcA01.pdb,32
3kebA00.pdb,32
3hmzA00.pdb,32
3rfxA01.pdb,32
1b6fA00.pdb,32
2fo3A00.pdb,32
3ttcA04.pdb,32
2zjqF01.pdb,32
4c87A00.pdb,32
1vz8A01.pdb,32
4m98A02.pdb,32
1b82A02.pdb,32
3hylA02.pdb,32
4e1sA00.pdb,32
3sq3A01.pdb,32
5optd01.pdb,32
4lowA00.pdb,32
5k87A01.pdb,32
3ff0A01.pdb,32
1g8jB00.pdb,32
1fl0A00.pdb,32
3gnlA01.pdb,32
4y2oA01.pdb,32
4am3A04.pdb,32
2ckfC02.pdb,32
3do9A01.pdb,32
4ihbD00.pdb,32
3eafA01.pdb,32
3b9oA00.pdb,32
4xjxA04.pdb,32
1e5tA02.pdb,32
2qz5A00.pdb,32
1hqz800.pdb,32
1jymA00.pdb,32
4gh7A00.pdb,32
2fk9A00.pdb,32
1r6bX03.pdb,32
1gyvA00.pdb,32
3pqjD00.pdb,32
2fqpA00.pdb,32
1th0B00.pdb,32
3pgvA02.pdb,32
2xnrA00.pdb,32
2dqbA00.pdb,32
2hxrA00.pdb,32
2gupA02.pdb,32
5mbzB02.pdb,32
3eshA01.pdb,32
3mt1A02.pdb,32
1vs7S00.pdb,32
1dp7P00.pdb,32
4gnxB00.pdb,32
1uirA02.pdb,32
1kn3A00.pdb,32
2qomB00.pdb,32
2o8rA03.pdb,32
4pauA00.pdb,32
3umaC00.pdb,32
3pegA01.pdb,32
1oepA02.pdb,32
3ju5A01.pdb,32
3a31A02.pdb,32
2istA01.pdb,32
3oj0A00.pdb,32
3aalA00.pdb,32
2gv9B06.pdb,32
2w61A01.pdb,32
4r6eA02.pdb,32
3f0aA00.pdb,32
2bmjA00.pdb,32
4p6bB00.pdb,32
3p6aB02.pdb,32
1t2lA00.pdb,32
1b2rA02.pdb,32
4nmxA01.pdb,32
1lrqA00.pdb,32
1zy9A02.pdb,32
2q0zX03.pdb,32
2fj0A01.pdb,32
5is2A01.pdb,32
1cfbA02.pdb,32
2aalA00.pdb,32
4u6nA00.pdb,32
2vsqA01.pdb,32
1cywA00.pdb,32
3rf1A02.pdb,32
3pyfA02.pdb,32
1qqgA01.pdb,32
1bvoA00.pdb,32
3uemA03.pdb,32
3pvcA02.pdb,32
4kxfP04.pdb,32
4g92B00.pdb,32
4c12A01.pdb,32
3rbhA00.pdb,32
4v2bA00.pdb,32
1n0uA04.pdb,32
5agvA02.pdb,32
1va6B02.pdb,32
1jhnA01.pdb,32
4bq2D01.pdb,32
5afuU00.pdb,32
2xzmC02.pdb,32
2incC00.pdb,32
1skyB01.pdb,32
1gzhA00.pdb,32
4msxA02.pdb,32
3pyfA01.pdb,32
4zq8A00.pdb,32
3k9tA01.pdb,32
2aa4A02.pdb,32
3gseA00.pdb,32
2ggoA02.pdb,32
4jkvB02.pdb,32
1kwgA02.pdb,32
2vdrB02.pdb,32
3zl8A01.pdb,32
3pjpB01.pdb,32
3j7yD02.pdb,32
1vb3A02.pdb,32
1d8yA01.pdb,32
3qyyA00.pdb,32
1nrkA01.pdb,32
6b9hA00.pdb,32
1hluP00.pdb,32
3gziA00.pdb,32
4dxrA00.pdb,32
5k36D00.pdb,32
1t3tA04.pdb,32
1cvuA02.pdb,32
2o6kA00.pdb,32
3lrtB01.pdb,32
1m2dA00.pdb,32
3qvsA01.pdb,32
1vsaT01.pdb,32
2zomA00.pdb,32
1n27A00.pdb,32
2w5qA02.pdb,32
3oosA01.pdb,32
4kc5C03.pdb,32
3q2wA05.pdb,32
2nr3A01.pdb,32
3odpA01.pdb,32
4c2mA06.pdb,32
2ehvA00.pdb,32
3tviA02.pdb,32
3e0jC01.pdb,32
3veaA01.pdb,32
1mfqB00.pdb,32
2avtA02.pdb,32
3bitA01.pdb,32
2bhnB01.pdb,32
3ic9A04.pdb,32
2yyyA01.pdb,32
5yluA03.pdb,32
5optL03.pdb,32
5ftaA00.pdb,32
1wc2A00.pdb,32
1td5A00.pdb,32
3ww3A00.pdb,32
4a17B01.pdb,32
3cgxA00.pdb,32
1q7fB00.pdb,32
2fp8B00.pdb,32
3ke0A01.pdb,32
4krgA01.pdb,32
4he8E00.pdb,32
2v7nB02.pdb,32
4y5tB00.pdb,32
2h5eA03.pdb,32
1uebA01.pdb,32
3rfzB04.pdb,32
1v4aA01.pdb,32
4ktyB04.pdb,32
1u02A01.pdb,32
1x9zA02.pdb,32
1vw4900.pdb,32
2yugA00.pdb,32
3aesA01.pdb,32
3fxbA00.pdb,32
2q6uA02.pdb,32
2cttA01.pdb,32
1ap8A00.pdb,32
2qc5A00.pdb,32
1ibcB00.pdb,32
2pywB01.pdb,32
1b63A02.pdb,32
1uxyA02.pdb,32
5ynmA00.pdb,32
1np8A00.pdb,32
3rlfG01.pdb,32
3b7sA02.pdb,32
5heeA00.pdb,32
1bxrC02.pdb,32
2ig6A00.pdb,32
3d1cA01.pdb,32
1oruA00.pdb,32
2jf4A00.pdb,32
3hbvP01.pdb,32
4pneA00.pdb,32
3s27A03.pdb,32
4ohcC00.pdb,32
2kuqA00.pdb,32
1nijA01.pdb,32
1r8gA00.pdb,32
4c20A02.pdb,32
1xjaE00.pdb,32
2j63A00.pdb,32
1oyzA00.pdb,32
5jciA01.pdb,32
2wsiA00.pdb,32
5f33A03.pdb,32
3aesA02.pdb,32
1q35A01.pdb,32
3oeeP02.pdb,32
3k9jA00.pdb,32
4wovA01.pdb,32
2x41A02.pdb,32
1m2oA05.pdb,32
3kraC00.pdb,32
2h0aA02.pdb,32
3uehA00.pdb,32
1e7wB00.pdb,32
6fqpA00.pdb,32
1zfjA00.pdb,32
1pvgA02.pdb,32
3epeA02.pdb,32
1j7mA00.pdb,32
1u0mA01.pdb,32
2qg7B02.pdb,32
1ts5A01.pdb,32
3abdB00.pdb,32
3wdqA00.pdb,32
3cirA02.pdb,32
1c07A00.pdb,32
1tiyA00.pdb,32
1spiA01.pdb,32
1mzbA02.pdb,32
2bkaA00.pdb,32
4kl0A00.pdb,32
5ijxA01.pdb,32
2bonA02.pdb,32
2qtlA01.pdb,32
1im8A00.pdb,32
5tnvA00.pdb,32
5b66B02.pdb,32
3bjeA01.pdb,32
1e8yA05.pdb,32
3s6eA00.pdb,32
4gnsA03.pdb,32
2uvgA01.pdb,32
1v6sA01.pdb,32
2ifeA00.pdb,32
2q2eA02.pdb,32
3lz8A01.pdb,32
4x3eA00.pdb,32
1i4wA01.pdb,32
1xv5A02.pdb,32
2xkbL00.pdb,32
1jovA00.pdb,32
4c0aA02.pdb,32
2j22A00.pdb,32
2d1sA01.pdb,32
5v5fA00.pdb,32
1kgdA01.pdb,32
1ef0B02.pdb,32
2w21A00.pdb,32
2wsaA00.pdb,32
4g1tA03.pdb,32
4mu3A02.pdb,32
1vbfA00.pdb,32
2vpzA02.pdb,32
3gwqB02.pdb,32
2y4uA01.pdb,32
2ivdB01.pdb,32
1p9rA02.pdb,32
2iazA00.pdb,32
1ey2A02.pdb,32
6d1vA02.pdb,32
3edyA02.pdb,32
3hqnA03.pdb,32
3ejvA00.pdb,32
3lupA01.pdb,32
1q33A02.pdb,32
2r9uA00.pdb,32
1gqoB00.pdb,32
1gmuA02.pdb,32
2y24A02.pdb,32
1gy7B00.pdb,32
2i09A01.pdb,32
3k69A00.pdb,32
5cxbA02.pdb,32
4rpfC01.pdb,32
1d7kB01.pdb,32
1b2wH01.pdb,32
2p10A01.pdb,32
3ll7A02.pdb,32
4nsxA01.pdb,32
4qdcA02.pdb,32
2wniB00.pdb,32
1ll0B00.pdb,32
2jbwA02.pdb,32
3ua3A01.pdb,32
1fo0B00.pdb,32
4e6xB00.pdb,32
2dneA00.pdb,32
6d4gA00.pdb,32
2p2sA01.pdb,32
5nnlA00.pdb,32
6qklE00.pdb,32
4kp2A01.pdb,32
3nieA01.pdb,32
5x7gA03.pdb,32
1iz6A02.pdb,32
3ld9A00.pdb,32
4n0hA00.pdb,32
3cf4G01.pdb,32
2qvxX02.pdb,32
1pg2A01.pdb,32
3tlmA01.pdb,32
1x2gA02.pdb,32
1m5yA01.pdb,32
3g1wA01.pdb,32
2y1bA00.pdb,32
2veoA01.pdb,32
3l9vA00.pdb,32
2cqpA00.pdb,32
2qjwA00.pdb,32
1y7eA01.pdb,32
6er1A00.pdb,32
1gt7A00.pdb,32
4fu0A02.pdb,32
1tbuB00.pdb,32
1y9zA02.pdb,32
2owmA00.pdb,32
2qiwA01.pdb,32
2miuA00.pdb,32
3prmA00.pdb,32
1i74A02.pdb,32
3wqbA02.pdb,32
2p39A00.pdb,32
1yx0A00.pdb,32
3bu2A01.pdb,32
3rp6A02.pdb,32
5iqlA00.pdb,32
2hg4A02.pdb,32
2bghA02.pdb,32
1b72A00.pdb,32
2d0bA02.pdb,32
3u6uC00.pdb,32
5xmjB01.pdb,32
1lbaA00.pdb,32
4a3vB01.pdb,32
2i0oA00.pdb,32
5d0uA02.pdb,32
1ks2A02.pdb,32
2ia4A01.pdb,32
3nl6B01.pdb,32
3x2hA00.pdb,32
2wyhB06.pdb,32
2fhg100.pdb,32
4l6wB01.pdb,32
3mqzA00.pdb,32
1br9A01.pdb,32
1gxcA00.pdb,32
4q45A03.pdb,32
1qqnA04.pdb,32
1dg3A02.pdb,32
3d0eA01.pdb,32
2j3wC00.pdb,32
3opnA00.pdb,32
5ljwA02.pdb,32
4kfzA01.pdb,32
2z39A02.pdb,32
5z0xA00.pdb,32
3pfiB01.pdb,32
1i24A01.pdb,32
2a6hD05.pdb,32
2r1iA01.pdb,32
3mk7A00.pdb,32
1ewkA01.pdb,32
3g8yA00.pdb,32
3ziuA01.pdb,32
3kewA01.pdb,32
1p49A01.pdb,32
4tzbA00.pdb,32
1ffyA03.pdb,32
5ecwA00.pdb,32
1zuoB00.pdb,32
3mfiA04.pdb,32
3blcA00.pdb,32
5eghA02.pdb,32
3bzbA00.pdb,32
1vq0A01.pdb,32
4myrA00.pdb,32
2ze6A01.pdb,32
1pqwA00.pdb,32
3s6dA00.pdb,32
1rrkA03.pdb,32
1ultB01.pdb,32
2ebuA01.pdb,32
1kmpA02.pdb,32
3ei3B02.pdb,32
2uyoA00.pdb,32
5uc6A00.pdb,32
4ez6A04.pdb,32
5o5jC02.pdb,32
2g18I00.pdb,32
2hroA02.pdb,32
4r60A01.pdb,32
1r6tA03.pdb,32
4rl6A01.pdb,32
4h2wA00.pdb,32
4wpcA00.pdb,32
1b6gA00.pdb,32
5bqtC02.pdb,32
5b5ee00.pdb,32
3gyxA01.pdb,32
4ls9B02.pdb,32
3robA00.pdb,32
3wuyA00.pdb,32
2pbyB02.pdb,32
4g3hC00.pdb,32
1vjnA00.pdb,32
1o9nA00.pdb,32
1ximA00.pdb,32
2mlxA01.pdb,32
2as0A01.pdb,32
1vluA01.pdb,32
3ky9A01.pdb,32
4i2wA03.pdb,32
2wdcA01.pdb,32
2ey4B01.pdb,32
1ukcB00.pdb,32
1jgtB01.pdb,32
4k36B00.pdb,32
2x7jA02.pdb,32
4ehuB01.pdb,32
2pv7A01.pdb,32
2yn2A00.pdb,32
2olsA01.pdb,32
1poiA01.pdb,32
4cgyA01.pdb,32
1pdaA03.pdb,32
2rb9A01.pdb,32
4pl9A00.pdb,32
4r16A02.pdb,32
1xl7A02.pdb,32
4qpwA00.pdb,32
4oicA00.pdb,32
1dw9A01.pdb,32
3tjlA00.pdb,32
1jssA00.pdb,32
3lsjA02.pdb,32
1ap6A01.pdb,32
2ei9A00.pdb,32
3q9tA02.pdb,32
2f9tB01.pdb,32
5jiaJ00.pdb,32
2c5sA01.pdb,32
1f8gA01.pdb,32
2bs2B02.pdb,32
3ewnA00.pdb,32
4zi6C01.pdb,32
3hymB00.pdb,32
3eo8A00.pdb,32
3gygA01.pdb,32
3gocA00.pdb,32
5aq1A01.pdb,32
1mivA02.pdb,32
2e1tA01.pdb,32
5jowA02.pdb,32
1iyuA00.pdb,32
3a5yA00.pdb,32
1ijqA01.pdb,32
1ydfA02.pdb,32
3elbA02.pdb,32
2pmeA01.pdb,32
1jpdX01.pdb,32
1shyB01.pdb,32
3oyyB03.pdb,32
2c0lB00.pdb,32
2vpzA05.pdb,32
1wycA02.pdb,32
3elsA00.pdb,32
4guaA02.pdb,32
2f7vA01.pdb,32
4c5oA00.pdb,32
1u10A00.pdb,32
5y3aE00.pdb,32
1sqhA02.pdb,32
1wkbA01.pdb,32
4bbrM00.pdb,32
4fzrA02.pdb,32
2eyqA04.pdb,32
5t5wA02.pdb,32
2qaeA02.pdb,32
3d45B01.pdb,32
4i4qA00.pdb,32
4dx5A08.pdb,32
2bxkA06.pdb,32
4qt6A00.pdb,32
2p3wB01.pdb,32
1vw4K00.pdb,32
3s5jA02.pdb,32
2v5gA00.pdb,32
1r5jA02.pdb,32
2o0aA00.pdb,32
4lypB00.pdb,32
2ipiA01.pdb,32
2vo8A00.pdb,32
4hkgA00.pdb,32
1cukA01.pdb,32
1vhxA00.pdb,32
1uhvA02.pdb,32
3innA02.pdb,32
1uejB00.pdb,32
3hylA03.pdb,32
3nt7A00.pdb,32
1gxeA00.pdb,32
1vhgA01.pdb,32
3p9pA03.pdb,32
2dbuB00.pdb,32
4nnrA00.pdb,32
4noiA02.pdb,32
4lr8A02.pdb,32
4lgyA02.pdb,32
2jaeA02.pdb,32
1vk4A00.pdb,32
1u53A00.pdb,32
5dmmA00.pdb,32
3lk7A03.pdb,32
1h2uA01.pdb,32
1gz0A02.pdb,32
1tm0A01.pdb,32
1otjA00.pdb,32
3tmaA02.pdb,32
2qrdE01.pdb,32
1a39A00.pdb,32
3hj9A00.pdb,32
4nocA00.pdb,32
1bdgA01.pdb,32
1eptB00.pdb,32
4nreA01.pdb,32
2q4aA00.pdb,32
4dlqA03.pdb,32
4hrvA00.pdb,32
1qwyA02.pdb,32
5t63A01.pdb,32
1x5aA01.pdb,32
1zdeA00.pdb,32
2pidA02.pdb,32
3cegA00.pdb,32
5jxtD00.pdb,32
2irvB00.pdb,32
4m5bA00.pdb,32
3tt9A00.pdb,32
5u47A04.pdb,32
1deuB00.pdb,32
5xoqA01.pdb,32
3fdiB00.pdb,32
1wscA01.pdb,32
3b3rA01.pdb,32
4n06A02.pdb,32
3en2A00.pdb,32
4gc3A00.pdb,32
2hg4A01.pdb,32
5e26A02.pdb,32
4iu9A00.pdb,32
5bq5A00.pdb,32
2ht1A02.pdb,32
1a52A00.pdb,32
1y1uA02.pdb,32
4k5yA01.pdb,32
2ekgA02.pdb,32
3tavA00.pdb,32
4d3sA01.pdb,32
1iirA02.pdb,32
1nqkA00.pdb,32
3gwbA01.pdb,32
2cw8A03.pdb,32
1hk5A03.pdb,32
1gyrA01.pdb,32
5k36B00.pdb,32
3wsuA00.pdb,32
4rgyA00.pdb,32
2k5tA00.pdb,32
1rreA01.pdb,32
2qyoA02.pdb,32
3h1tA03.pdb,32
2yijA00.pdb,32
3ni8A00.pdb,32
4fl0A02.pdb,32
3geuA00.pdb,32
1n0eA00.pdb,32
1a48A01.pdb,32
3oowA00.pdb,32
1p3hB00.pdb,32
5n69G01.pdb,32
1gjwA01.pdb,32
3nvlA02.pdb,32
4irzA02.pdb,32
1auqA00.pdb,32
2pnjA02.pdb,32
4hjzA00.pdb,32
1k1qB01.pdb,32
1hkuA01.pdb,32
2ogyA00.pdb,32
2vpvA00.pdb,32
4uqfA02.pdb,32
2xfsB02.pdb,32
1ib8A02.pdb,32
3g5tA00.pdb,32
2pf5D00.pdb,32
1w5dA01.pdb,32
4g9pA01.pdb,32
1nx4A00.pdb,32
2ifsA00.pdb,32
2fbyA00.pdb,32
1y3tA01.pdb,32
4eq3A02.pdb,32
3etnA00.pdb,32
3bkpA00.pdb,32
4jj0B00.pdb,32
1so9A00.pdb,32
1gd7A00.pdb,32
1o7dD01.pdb,32
3kh8B01.pdb,32
1kgiA00.pdb,32
1r8jB01.pdb,32
3op3A00.pdb,32
2ncnA00.pdb,32
3mq2A00.pdb,32
2cv8A01.pdb,32
1te7A00.pdb,32
2c9aA02.pdb,32
1ooeA00.pdb,32
3jyuA02.pdb,32
1ycgA02.pdb,32
3aqlA02.pdb,32
3a09A02.pdb,32
3oc4A03.pdb,32
1rtqA00.pdb,32
5a1nB00.pdb,32
4q8gA00.pdb,32
2wvgA02.pdb,32
2r7eA02.pdb,32
2oo3A00.pdb,32
3b82A03.pdb,32
4zgxI00.pdb,32
3devA02.pdb,32
1xffA00.pdb,32
2nyaA01.pdb,32
4o9dA00.pdb,32
2c0uA02.pdb,32
1whqA01.pdb,32
1bt3A00.pdb,32
2c2iA00.pdb,32
3latA00.pdb,32
1wp0A00.pdb,32
2vs1A03.pdb,32
1xx1A00.pdb,32
3zbgA00.pdb,32
5ic5A00.pdb,32
2hetA02.pdb,32
3c5wA00.pdb,32
4efoA00.pdb,32
3vhoA00.pdb,32
2ho5A02.pdb,32
1dgsA04.pdb,32
4h7nA01.pdb,32
1yfmA01.pdb,32
1y8qC00.pdb,32
4mb1A02.pdb,32
1fwxA01.pdb,32
2xhgA01.pdb,32
1e3mA02.pdb,32
3hj6A01.pdb,32
3qtgA03.pdb,32
3gv5B04.pdb,32
2do8A01.pdb,32
5eviA00.pdb,32
1xc3A02.pdb,32
4xnhB00.pdb,32
1zccA00.pdb,32
3cawA02.pdb,32
3wxyA02.pdb,32
1a9vA00.pdb,32
3mxqA00.pdb,32
2g9hD01.pdb,32
4e0vA02.pdb,32
2ba0A02.pdb,32
1oygA01.pdb,32
1okgA01.pdb,32
4rwhA00.pdb,32
4hq1A02.pdb,32
3as8A01.pdb,32
1xy7B00.pdb,32
2i0rA01.pdb,32
2z0lA00.pdb,32
3m33A00.pdb,32
5hr5A02.pdb,32
1q4tA00.pdb,32
4g7eA01.pdb,32
1in4A03.pdb,32
2hoxA02.pdb,32
1j9mA00.pdb,32
3hs3A02.pdb,32
4ohvA02.pdb,32
4ml3D00.pdb,32
4bllA01.pdb,32
3s6vB00.pdb,32
3ozhA00.pdb,32
3r89A00.pdb,32
4n30A00.pdb,32
4e5nC01.pdb,32
3snpA01.pdb,32
3i3fB00.pdb,32
1e5xA02.pdb,32
4am6A03.pdb,32
2za0B00.pdb,32
1ea0B03.pdb,32
1zubA00.pdb,32
1x4yA01.pdb,32
1ff3A00.pdb,32
1e5tA01.pdb,32
4khaA01.pdb,32
2yveB00.pdb,32
3co8A02.pdb,32
1ne2A00.pdb,32
4yozA01.pdb,32
2kymA01.pdb,32
3fokA00.pdb,32
3eqeA00.pdb,32
2xqqC00.pdb,32
1sb7A02.pdb,32
3ceuA00.pdb,32
1vvmD03.pdb,32
2oezA02.pdb,32
1mtpA01.pdb,32
3edpA01.pdb,32
3nvqA03.pdb,32
3o6zA00.pdb,32
4b0zA00.pdb,32
5xh8A02.pdb,32
1xrbA01.pdb,32
2pvpA02.pdb,32
4axvA00.pdb,32
1wl4A01.pdb,32
3l2hC01.pdb,32
1tg7A03.pdb,32
1su0B00.pdb,32
2wa5A01.pdb,32
5jcbF02.pdb,32
1vkmA00.pdb,32
1tuaA01.pdb,32
1ekjA00.pdb,32
1v97A06.pdb,32
3ar4A04.pdb,32
2vsyA03.pdb,32
4ceiB01.pdb,32
5h7rD00.pdb,32
4w5wA01.pdb,32
5mypA01.pdb,32
3hyqA00.pdb,32
4i1kA00.pdb,32
6c3zA03.pdb,32
1evyA02.pdb,32
2ga8A00.pdb,32
1j2rA00.pdb,32
2r88A00.pdb,32
2zpaA02.pdb,32
3tqsA01.pdb,32
4kfcB02.pdb,32
3ih5A00.pdb,32
1xxhE01.pdb,32
3llxA02.pdb,32
2cxaA02.pdb,32
3jamb00.pdb,32
4f2eA00.pdb,32
1c3gA01.pdb,32
2vgnA02.pdb,32
1cruA00.pdb,32
4kmrA01.pdb,32
5uaiA01.pdb,32
2o8rA02.pdb,32
2ggdA02.pdb,32
3kgyA00.pdb,32
1vkhB00.pdb,32
2gwfC00.pdb,32
2nxvA01.pdb,32
4m75A00.pdb,32
2yhxA02.pdb,32
1zovA01.pdb,32
2hz7A04.pdb,32
5bovA00.pdb,32
3f40A00.pdb,32
1yrvA00.pdb,32
3k6sD04.pdb,32
1w27A03.pdb,32
2ymsA00.pdb,32
2rhqB03.pdb,32
2fctB00.pdb,32
3n9kA00.pdb,32
1r6aA00.pdb,32
6bnsB00.pdb,32
3zj0A00.pdb,32
4zd6C00.pdb,32
2hb5A00.pdb,32
3gycA00.pdb,32
3jckC00.pdb,32
2zm5A02.pdb,32
2hjiA00.pdb,32
1lj8A01.pdb,32
3gdzA00.pdb,32
2g47A01.pdb,32
3gwiA00.pdb,32
1x03A00.pdb,32
4f5cA04.pdb,32
1pw4A02.pdb,32
2fn0B00.pdb,32
1du5A00.pdb,32
5k8mA01.pdb,32
4ll1C02.pdb,32
2qibA00.pdb,32
4x28C03.pdb,32
4ezeB00.pdb,32
5bzaB01.pdb,32
3floA02.pdb,32
2ondA00.pdb,32
1m6yA02.pdb,32
5zqsA02.pdb,32
1vbvA00.pdb,32
4g6dA00.pdb,32
4lehA00.pdb,32
2aw4U00.pdb,32
3fsdA00.pdb,32
2d3yA00.pdb,32
2cbzA00.pdb,32
1r3hA01.pdb,32
3q3wA00.pdb,32
3h9wA00.pdb,32
3nreA00.pdb,32
3vqjA00.pdb,32
4hpvA02.pdb,32
1eyqA02.pdb,32
1rznA00.pdb,32
1gv4A02.pdb,32
3feqC02.pdb,32
5lp1A00.pdb,32
2j3lA03.pdb,32
3qvcA01.pdb,32
4fx5A02.pdb,32
1kcxA02.pdb,32
1f44A01.pdb,32
4ywzA00.pdb,32
3sonA00.pdb,32
4q1vA01.pdb,32
4ohvA03.pdb,32
2aydA01.pdb,32
1narA00.pdb,32
3c9fA02.pdb,32
2oikA00.pdb,32
3l23A00.pdb,32
4n4uB00.pdb,32
1ntvA00.pdb,32
1tvgA00.pdb,32
3cvrA01.pdb,32
3pweA03.pdb,32
4ceiA05.pdb,32
4ifdE00.pdb,32
2rgqA00.pdb,32
4wi1A01.pdb,32
4v0iA01.pdb,32
6c6bB00.pdb,32
3aj7A01.pdb,32
3ojwA03.pdb,32
1ipjB02.pdb,32
4s39A02.pdb,32
5dzgB00.pdb,32
1n11A00.pdb,32
3rpcA00.pdb,32
2qm3A02.pdb,32
2pieA01.pdb,32
3ip3A01.pdb,32
5z2wA01.pdb,32
4rlcA00.pdb,32
2o11A00.pdb,32
2dwcA03.pdb,32
2h6eA02.pdb,32
1ehkA00.pdb,32
2z0qA01.pdb,32
1w8gA00.pdb,32
1e3oC02.pdb,32
1pzdA01.pdb,32
1vq8M00.pdb,32
4q65A00.pdb,32
2v9kA03.pdb,32
6b6lA03.pdb,32
2om5A02.pdb,32
4jvhA00.pdb,32
3pgvA01.pdb,32
1im2A03.pdb,32
1eprE01.pdb,32
2q8uA01.pdb,32
1vclA01.pdb,32
2oodA02.pdb,32
3ddeA00.pdb,32
2f00A03.pdb,32
4zocA03.pdb,32
1v7wA03.pdb,32
2b0oE02.pdb,32
1ddzA01.pdb,32
5cg8A00.pdb,32
2wrzA02.pdb,32
3f3kA00.pdb,32
3dwbA02.pdb,32
3nf1A00.pdb,32
3es2A00.pdb,32
12asA00.pdb,32
5h8iB00.pdb,32
4jonC00.pdb,32
2qndA02.pdb,32
2nxfA01.pdb,32
1orvA01.pdb,32
1d0cA02.pdb,32
1httA01.pdb,32
2r6hA01.pdb,32
1sxjA01.pdb,32
2dknB00.pdb,32
2x7pA01.pdb,32
4txwA00.pdb,32
2giyB00.pdb,32
2pk0A00.pdb,32
4bbkA00.pdb,32
4necC01.pdb,32
3b59A01.pdb,32
4tmaJ00.pdb,32
5lnk103.pdb,32
5xyiE01.pdb,32
2x9lA00.pdb,32
2id0A04.pdb,32
1ex0A01.pdb,32
1d8wA00.pdb,32
3cx5E02.pdb,32
2i06A01.pdb,32
4ujkM00.pdb,32
2d4gA00.pdb,32
3ah8A01.pdb,32
2nztB04.pdb,32
2ozvA01.pdb,32
1i2nA00.pdb,32
4gmgA01.pdb,32
1j4nA00.pdb,32
1zxjA01.pdb,32
4j2oA01.pdb,32
2i76A01.pdb,32
2jr6A01.pdb,32
3zytA00.pdb,32
1n0uA06.pdb,32
2oy9A01.pdb,32
1b0zA01.pdb,32
2q1sA01.pdb,32
1odmA00.pdb,32
4ldrA01.pdb,32
3ba3A00.pdb,32
1gwyA00.pdb,32
3d3oA00.pdb,32
4c0sB03.pdb,32
2vbwA02.pdb,32
4owzA00.pdb,32
5fphA02.pdb,32
3bg2A01.pdb,32
3hwuA00.pdb,32
4lziA01.pdb,32
1z3eA00.pdb,32
4a7kA02.pdb,32
3db0A00.pdb,32
4avcA01.pdb,32
1lqtA01.pdb,32
4z2aA01.pdb,32
3n6hA01.pdb,32
1vgwB00.pdb,32
4fzrA01.pdb,32
2z1eA02.pdb,32
3f2bA06.pdb,32
1ripA00.pdb,32
5vpjA00.pdb,32
4gwmB03.pdb,32
5b7gA00.pdb,32
3pr9A00.pdb,32
4meeA00.pdb,32
2xzm901.pdb,32
3vsfC01.pdb,32
5f5lA00.pdb,32
4kvfA01.pdb,32
4at7B02.pdb,32
1b3mA02.pdb,32
5vqfD01.pdb,32
3mduA02.pdb,32
4v19X00.pdb,32
3ouuA01.pdb,32
1hdhA01.pdb,32
3f14A00.pdb,32
4tx9A00.pdb,32
2g9dA01.pdb,32
1kx3G00.pdb,32
2gmwA00.pdb,32
2ds4A01.pdb,32
1m56C02.pdb,32
3icvA00.pdb,32
5dl8A00.pdb,32
3wydA00.pdb,32
4xblA00.pdb,32
3ba1A01.pdb,32
1lfpA02.pdb,32
5jh5C00.pdb,32
3ikvA02.pdb,32
5v2jA02.pdb,32
4l9eA00.pdb,32
3rzeA01.pdb,32
1vloA04.pdb,32
3keaA00.pdb,32
3ea0A00.pdb,32
6fyfA02.pdb,32
4a6aB00.pdb,32
2wysA01.pdb,32
4dn9A00.pdb,32
1wexA01.pdb,32
3m07A02.pdb,32
4yk8B00.pdb,32
3kasA02.pdb,32
2h3gX01.pdb,32
3l2oB02.pdb,32
3k7dA02.pdb,32
4iknA02.pdb,32
2n3oA00.pdb,32
1gdjA00.pdb,32
3wyoA02.pdb,32
4s1vB01.pdb,32
2ynmD03.pdb,32
2ld4A00.pdb,32
3ubrA01.pdb,32
3hrpA02.pdb,32
2o1mA02.pdb,32
1zj8A02.pdb,32
3hhsA02.pdb,32
3gyrA02.pdb,32
3by8A00.pdb,32
4finA02.pdb,32
3ifvC00.pdb,32
3iv7A01.pdb,32
3zx6A00.pdb,32
4i99A00.pdb,32
1tz0A00.pdb,32
2o72A01.pdb,32
4oflA02.pdb,32
1kpgA00.pdb,32
1etvA00.pdb,32
3mwnA00.pdb,32
3nzpA02.pdb,32
4qlbA02.pdb,32
1y56A02.pdb,32
5l16A01.pdb,32
2o2gA00.pdb,32
1zzgA01.pdb,32
2x1cB01.pdb,32
4bc2A01.pdb,32
4hjhA03.pdb,32
4pofA02.pdb,32
3fotA02.pdb,32
1pgjA02.pdb,32
1cecA00.pdb,32
2ppqA02.pdb,32
5u2gA01.pdb,32
2vywA00.pdb,32
3dmqA05.pdb,32
6ehgB05.pdb,32
2w3sA04.pdb,32
1nf3C00.pdb,32
3eurA00.pdb,32
1frfS01.pdb,32
2qe8A00.pdb,32
4gatA00.pdb,32
3sybA00.pdb,32
3k7gB00.pdb,32
1yb2A00.pdb,32
4ay7A00.pdb,32
3clwA02.pdb,32
2iabA01.pdb,32
1jctA02.pdb,32
4p72A04.pdb,32
2dg0A00.pdb,32
2zigA00.pdb,32
1t4wA00.pdb,32
1vs0A02.pdb,32
5jgfA02.pdb,32
4dnxA01.pdb,32
1kf6D00.pdb,32
4ij4A01.pdb,32
3i5xA02.pdb,32
2hpvA00.pdb,32
2v1uA01.pdb,32
3ocjA00.pdb,32
3a9sA01.pdb,32
2fgzA03.pdb,32
2wl9B02.pdb,32
2imzA00.pdb,32
2wylA00.pdb,32
3czeA02.pdb,32
1q2lA02.pdb,32
3tghA00.pdb,32
3d3aA01.pdb,32
4xgqA00.pdb,32
3fz0D00.pdb,32
1jhjA00.pdb,32
2oezA01.pdb,32
4n7bA01.pdb,32
1eq2A01.pdb,32
1nqfA02.pdb,32
4bouA00.pdb,32
1hz4A00.pdb,32
2gjcB02.pdb,32
3p1tA02.pdb,32
1fi4A01.pdb,32
1lfoA00.pdb,32
3a1jB00.pdb,32
4k30A00.pdb,32
2w8tA01.pdb,32
3lm6A00.pdb,32
5kwyC00.pdb,32
1vcnA01.pdb,32
2as0A02.pdb,32
4ga6A01.pdb,32
5kp7A02.pdb,32
3hulA02.pdb,32
4bq2D02.pdb,32
4rzsC01.pdb,32
2gqrA01.pdb,32
3vbaA00.pdb,32
3cx5B01.pdb,32
3tvaA00.pdb,32
5bxrA02.pdb,32
2cw8A01.pdb,32
4d8mA02.pdb,32
1d4aA00.pdb,32
2fwrA03.pdb,32
3v10A02.pdb,32
1uocB00.pdb,32
1gnlA01.pdb,32
1ju2A01.pdb,32
3ip4B03.pdb,32
3kf6A00.pdb,32
2xpiD00.pdb,32
2e3uA02.pdb,32
4o0mA02.pdb,32
5k3cA00.pdb,32
3wn6A01.pdb,32
3khbB00.pdb,32
4dioA01.pdb,32
3bs0A00.pdb,32
3orgA02.pdb,32
4pr3A00.pdb,32
5kbzB00.pdb,32
2ktyA02.pdb,32
3f2bA05.pdb,32
2essA01.pdb,32
3p91A00.pdb,32
5mh5A02.pdb,32
3d5nA00.pdb,32
2j67A00.pdb,32
4fleA00.pdb,32
2hiiA01.pdb,32
5o2dA00.pdb,32
1qqeA00.pdb,32
3bvfA00.pdb,32
3r2jC00.pdb,32
4cp2A00.pdb,32
1q3qA02.pdb,32
2gclA02.pdb,32
3h2gA01.pdb,32
1pseA00.pdb,32
2e4tA02.pdb,32
3ec4A00.pdb,32
1ufaA01.pdb,32
3g5lB00.pdb,32
1bo1A02.pdb,32
1eqnA02.pdb,32
2dphA01.pdb,32
3lxzA01.pdb,32
4d4eA00.pdb,32
1kfvA02.pdb,32
3htvA01.pdb,32
3cxbB00.pdb,32
3hpxA02.pdb,32
4q0jA01.pdb,32
3ibtA01.pdb,32
2lepA00.pdb,32
1h2kA01.pdb,32
2iuyA02.pdb,32
2o6lA00.pdb,32
3gbxA02.pdb,32
4dqvA00.pdb,32
4u6dA00.pdb,32
1am2A00.pdb,32
1d0cA03.pdb,32
3ju7A00.pdb,32
4dooA01.pdb,32
2j5zA02.pdb,32
2cdqA03.pdb,32
3gb8A01.pdb,32
3mn8B02.pdb,32
2oz3A02.pdb,32
2fiqA02.pdb,32
4lkbA00.pdb,32
2uv9A06.pdb,32
2etjA00.pdb,32
2odtX02.pdb,32
2xitA00.pdb,32
4lduA03.pdb,32
1xhbA01.pdb,32
4kdrA00.pdb,32
3qslA01.pdb,32
1xdzA00.pdb,32
1xdyG00.pdb,32
1nqeA01.pdb,32
2zvfA02.pdb,32
1mzgA00.pdb,32
3lkdA02.pdb,32
3czxA00.pdb,32
4cooA02.pdb,32
3fosA02.pdb,32
2btpA01.pdb,32
5w8mB00.pdb,32
5hfiA00.pdb,32
2pblA01.pdb,32
3qfwA01.pdb,32
4nv0A01.pdb,32
4r9iA01.pdb,32
3kz9A00.pdb,32
2iuwA00.pdb,32
4cl2A02.pdb,32
3ddjA02.pdb,32
2vsyA01.pdb,32
3qvpA01.pdb,32
3zf8A00.pdb,32
2bvfA03.pdb,32
2i50A00.pdb,32
4xo9A02.pdb,32
2xotB01.pdb,32
2mysA06.pdb,32
4ghnA03.pdb,32
3grhA00.pdb,32
2zxqA01.pdb,32
3kc2A01.pdb,32
1ev0A00.pdb,32
1b8pA01.pdb,32
1l5jA03.pdb,32
3bvoA01.pdb,32
4rv2A00.pdb,32
5xaoA01.pdb,32
1rq5A02.pdb,32
3go9A01.pdb,32
5mu9A01.pdb,32
3dv8A01.pdb,32
1yulA00.pdb,32
3zuiA00.pdb,32
4xt1B00.pdb,32
3ilvA01.pdb,32
3w91A00.pdb,32
2oofA02.pdb,32
1sgmA00.pdb,32
2itmB02.pdb,32
1tzbA01.pdb,32
5kzmB01.pdb,32
1gsaA03.pdb,32
6giuA01.pdb,32
3nnkA01.pdb,32
4xbrA01.pdb,32
4ozxA00.pdb,32
3f7eA00.pdb,32
3qp8A00.pdb,32
1qdbA02.pdb,32
5xzqF00.pdb,32
4br4A01.pdb,32
1betA00.pdb,32
2q0xA01.pdb,32
1vhvA02.pdb,32
1x4cA01.pdb,32
3dsaA01.pdb,32
1e8cB03.pdb,32
2z6eC00.pdb,32
4hn9A01.pdb,32
4g65A02.pdb,32
5lz6A00.pdb,32
5a0tB01.pdb,32
3vk5B00.pdb,32
4cd9D00.pdb,32
1b4uB00.pdb,32
1by5A02.pdb,32
1ym5A01.pdb,32
3u75A01.pdb,32
5isuA03.pdb,32
1jatB00.pdb,32
2dg2A00.pdb,32
6qm7K00.pdb,32
3na6A00.pdb,32
1yg9A03.pdb,32
5nnoA02.pdb,32
3bxwA02.pdb,32
1eokA00.pdb,32
2p5iA00.pdb,32
3dz1A00.pdb,32
4labA00.pdb,32
4h4dA02.pdb,32
5xtcj00.pdb,32
1m3vA00.pdb,32
4tz2A00.pdb,32
1fgmA05.pdb,32
1nhwA00.pdb,32
1ii5A01.pdb,32
5lbaD02.pdb,32
4e9jB01.pdb,32
1e2uA04.pdb,32
1tifA00.pdb,32
4f7eA01.pdb,32
5ahyA00.pdb,32
4i98B01.pdb,32
4rv9A02.pdb,32
1ac5A00.pdb,32
3tsnA00.pdb,32
4c3xA01.pdb,32
2jfnA01.pdb,32
1g61A00.pdb,32
1ni3A01.pdb,32
1s79A00.pdb,32
2y4kA01.pdb,32
4aw9A00.pdb,32
1m4yA00.pdb,32
3kxrA02.pdb,32
4r2zA00.pdb,32
5f8sA00.pdb,32
5kszA03.pdb,32
1obbA00.pdb,32
5xrjA00.pdb,32
3l87A00.pdb,32
3cwvA02.pdb,32
4c4aA02.pdb,32
2dsjA02.pdb,32
4fmwA00.pdb,32
3f5cB00.pdb,32
2kt2A00.pdb,32
3v10A01.pdb,32
3c7aA01.pdb,32
5y5pC00.pdb,32
3efmA02.pdb,32
2q74A02.pdb,32
1lj8A02.pdb,32
2zw4A01.pdb,32
5m99A01.pdb,32
4qkbA00.pdb,32
1i72A00.pdb,32
1zbdB00.pdb,32
3vpzA02.pdb,32
5a57A04.pdb,32
4iv9A02.pdb,32
3rzuE00.pdb,32
3vvaA00.pdb,32
3danA00.pdb,32
1zunA01.pdb,32
3wltA02.pdb,32
3tlqA00.pdb,32
4xg1A01.pdb,32
1u3dA03.pdb,32
1h80B00.pdb,32
2al3A00.pdb,32
2f1zB01.pdb,32
1dgjA01.pdb,32
3j7aZ00.pdb,32
5dihA01.pdb,32
4ms4B02.pdb,32
1xr4A02.pdb,32
2b5lB01.pdb,32
2l5lA00.pdb,32
1yd7A00.pdb,32
2xomA00.pdb,32
1amuA01.pdb,32
4mgrB02.pdb,32
4di4B00.pdb,32
3e1sA02.pdb,32
3uv5A01.pdb,32
3pi7A01.pdb,32
1ynfA00.pdb,32
6akqA02.pdb,32
3fpfA00.pdb,32
5e1vB00.pdb,32
1rkpA00.pdb,32
3lrmA01.pdb,32
1vwxm00.pdb,32
1i4dA00.pdb,32
3cuxA01.pdb,32
2cfmA02.pdb,32
3vz2A02.pdb,32
3ajaB00.pdb,32
1sefA02.pdb,32
1dkgB02.pdb,32
5uctB00.pdb,32
1a3wA01.pdb,32
3i3wA04.pdb,32
2pdoA01.pdb,32
2a9dA02.pdb,32
2wbrA00.pdb,32
2nwmA00.pdb,32
5ir2A00.pdb,32
2gpyB00.pdb,32
6c00A00.pdb,32
2i99A01.pdb,32
3snpA03.pdb,32
4bumX00.pdb,32
1jw3A00.pdb,32
3seeA00.pdb,32
2dwcA01.pdb,32
3btvA02.pdb,32
3d6eB00.pdb,32
3cx5A02.pdb,32
1ynjB01.pdb,32
3mm5A03.pdb,32
1ydnA00.pdb,32
4fxdA06.pdb,32
5decC01.pdb,32
5tt5A01.pdb,32
2yb1A01.pdb,32
4jbeA02.pdb,32
5hzgA00.pdb,32
3gqiB01.pdb,32
3l41A01.pdb,32
1zlxA00.pdb,32
3l2bA02.pdb,32
1ka1A01.pdb,32
2kinB01.pdb,32
2lm4A01.pdb,32
3ksrA02.pdb,32
1aw5A00.pdb,32
1usyA00.pdb,32
2avnA00.pdb,32
2gysA02.pdb,32
5b1rA00.pdb,32
4kr6A02.pdb,32
1mufA02.pdb,32
1g7sA02.pdb,32
1xrbA02.pdb,32
2d7vA00.pdb,32
2higA02.pdb,32
3aiiA02.pdb,32
1xw8A00.pdb,32
4lflA00.pdb,32
1imhC02.pdb,32
1kcfB00.pdb,32
1m2vB04.pdb,32
3g16A00.pdb,32
3d3aA03.pdb,32
4hw6A01.pdb,32
3l9zA01.pdb,32
4bp9A02.pdb,32
1ef1A01.pdb,32
3vtaB03.pdb,32
3pvcA01.pdb,32
2agkA00.pdb,32
1jmxB00.pdb,32
5bpxA00.pdb,32
1uhzA00.pdb,32
3eayA02.pdb,32
4cdoC00.pdb,32
3wirA01.pdb,32
2ocdA02.pdb,32
2x2vA00.pdb,32
5a2gA00.pdb,32
3pdiA02.pdb,32
2p18A00.pdb,32
2wzvA01.pdb,32
3fedA03.pdb,32
2zbcA01.pdb,32
3wdoA01.pdb,32
4c2mB04.pdb,32
4kvkA00.pdb,32
1r4sA00.pdb,32
2lqjA00.pdb,32
3vb0A01.pdb,32
2qkiC02.pdb,32
3g6bA00.pdb,32
3bk7A01.pdb,32
1y1uA04.pdb,32
2wqtA00.pdb,32
2e63A00.pdb,32
1vx7W00.pdb,32
4w66A00.pdb,32
2floA02.pdb,32
2zj8A03.pdb,32
1pd0A05.pdb,32
4wfoA02.pdb,32
1m7yA01.pdb,32
1vq8100.pdb,32
3graA00.pdb,32
3wnzA03.pdb,32
2hr7B01.pdb,32
4e84A00.pdb,32
1a5aA00.pdb,32
1gxlA01.pdb,32
3wmeA01.pdb,32
1vfpB02.pdb,32
2zpaA03.pdb,32
1ydwA02.pdb,32
2r5vA01.pdb,32
5my0A03.pdb,32
2mzbA00.pdb,32
1t9hA02.pdb,32
2hngA00.pdb,32
5e6zA02.pdb,32
5b3kA00.pdb,32
4zovB00.pdb,32
2c8jB01.pdb,32
4jz8B00.pdb,32
3h4rA00.pdb,32
4cjxA02.pdb,32
3gkeA02.pdb,32
3vasA01.pdb,32
4la2A00.pdb,32
1ohvA01.pdb,32
1a0sP00.pdb,32
4xcoD00.pdb,32
1f46B00.pdb,32
1nsjA00.pdb,32
5c79A00.pdb,32
3fk5A02.pdb,32
5mmjb02.pdb,32
1jw9B00.pdb,32
1gu9A00.pdb,32
4ovxA00.pdb,32
4dloA03.pdb,32
1gt6A00.pdb,32
5e6zA03.pdb,32
3d89A00.pdb,32
2y8uB00.pdb,32
3ik4A02.pdb,32
1h16A00.pdb,32
4bloG01.pdb,32
1wfiA00.pdb,32
3w1sC00.pdb,32
5hpzA00.pdb,32
2ct8A02.pdb,32
3h7lB02.pdb,32
5h5oA00.pdb,32
3cq5A01.pdb,32
4nmlA01.pdb,32
3c6kB03.pdb,32
3sykA01.pdb,32
5bmoC00.pdb,32
4f85A00.pdb,32
4rpcA00.pdb,32
3k85A00.pdb,32
4idhA01.pdb,32
3aqgB00.pdb,32
2pqgB01.pdb,32
3isrA01.pdb,32
4us5A00.pdb,32
3bw2A00.pdb,32
4egvA01.pdb,32
2c5eA02.pdb,32
4dl9A01.pdb,32
4j2pA00.pdb,32
3hsiA02.pdb,32
3u3lC00.pdb,32
1bebA00.pdb,32
2r2aA00.pdb,32
1jndA01.pdb,32
3hftA00.pdb,32
3cerA02.pdb,32
6fzvC00.pdb,32
4h7lA00.pdb,32
2fl7A00.pdb,32
3pkiA01.pdb,32
4jzsA00.pdb,32
4ad8A01.pdb,32
3co4A01.pdb,32
2vneA01.pdb,32
1f3vB00.pdb,32
3egoA01.pdb,32
4c0xA00.pdb,32
1r4wA01.pdb,32
4ga6A02.pdb,32
4e0qA00.pdb,32
4jc8A01.pdb,32
3v62A00.pdb,32
4fswA02.pdb,32
4g6tA00.pdb,32
3ktdA01.pdb,32
2hyxA01.pdb,32
5ksdA04.pdb,32
2ynmD04.pdb,32
1vq8W01.pdb,32
2p17A00.pdb,32
1r1dA00.pdb,32
1h67A00.pdb,32
1ul5A01.pdb,32
5ipyA02.pdb,32
4z42C01.pdb,32
2guxA01.pdb,32
1gteA04.pdb,32
3m65A01.pdb,32
3h5qA03.pdb,32
1omiA01.pdb,32
2w38A01.pdb,32
3d3bA00.pdb,32
2f15A00.pdb,32
4fe7A02.pdb,32
2ri9A00.pdb,32
3gqvA02.pdb,32
3c8fA00.pdb,32
2afsA00.pdb,32
1xqrA00.pdb,32
2oniA02.pdb,32
1fbwA01.pdb,32
3lhtA00.pdb,32
1ltzA00.pdb,32
2y0oA00.pdb,32
2freA00.pdb,32
1di6A00.pdb,32
4d2iA02.pdb,32
4ffbA02.pdb,32
3pm9A01.pdb,32
4tjvA00.pdb,32
2kznA00.pdb,32
5dwzC01.pdb,32
5kc9B01.pdb,32
5ynrA00.pdb,32
3levA00.pdb,32
5c0pA00.pdb,32
2ly7A01.pdb,32
4m0gA02.pdb,32
2amhA00.pdb,32
2vjwA00.pdb,32
3gwpA02.pdb,32
3q6kA00.pdb,32
4eacC01.pdb,32
1kz7A02.pdb,32
4yleA01.pdb,32
1gzeA00.pdb,32
3fcsA03.pdb,32
1jdpB02.pdb,32
1dnpA01.pdb,32
1k7yA01.pdb,32
3zxoA00.pdb,32
4g4gA00.pdb,32
1uwvA02.pdb,32
2c42A06.pdb,32
4fn6A01.pdb,32
2kdiA00.pdb,32
2ajrA01.pdb,32
4rthB00.pdb,32
3c0kA01.pdb,32
1b5lA00.pdb,32
1sq1A00.pdb,32
3focA01.pdb,32
2r6zA02.pdb,32
1wloA00.pdb,32
4p53A02.pdb,32
1ivzA00.pdb,32
3bapA01.pdb,32
5kp7A01.pdb,32
2i9wA00.pdb,32
3m9bA03.pdb,32
3rfzB01.pdb,32
1m4bA00.pdb,32
5loqB01.pdb,32
2ou5A00.pdb,32
6md5A02.pdb,32
1k77A00.pdb,32
1t5yA02.pdb,32
3amrA00.pdb,32
2d1sA03.pdb,32
4kv2A00.pdb,32
1efdN02.pdb,32
6f1tV00.pdb,32
2gaiA04.pdb,32
3bdnA02.pdb,32
3tszA03.pdb,32
1fuiA03.pdb,32
1j8cA00.pdb,32
1zcaA02.pdb,32
3s9xA00.pdb,32
2yj6A02.pdb,32
3n6rA04.pdb,32
5z75A00.pdb,32
3nhmA00.pdb,32
5d8hB02.pdb,32
4p2bA03.pdb,32
3zywA01.pdb,32
2pd1A01.pdb,32
1bagA01.pdb,32
4k25A02.pdb,32
1fftA00.pdb,32
5zt5A02.pdb,32
1zx0A00.pdb,32
5ocrA00.pdb,32
3tviA01.pdb,32
2elfA01.pdb,32
4lu1A00.pdb,32
1yp2D01.pdb,32
1hkvA02.pdb,32
1xb0B00.pdb,32
2nx4C00.pdb,32
1kx5A00.pdb,32
4jxkA02.pdb,32
1e1cA01.pdb,32
3w0lD02.pdb,32
2z0xA00.pdb,32
3mkrA00.pdb,32
3iddA01.pdb,32
2h00B00.pdb,32
1we5A01.pdb,32
2y3aA01.pdb,32
1rblA01.pdb,32
3erjA00.pdb,32
6iikB00.pdb,32
2vfkA00.pdb,32
1ep3B01.pdb,32
2eefA01.pdb,32
2ddrA00.pdb,32
3kizA02.pdb,32
3zriA01.pdb,32
2fsfB03.pdb,32
1udxA01.pdb,32
2vz8A07.pdb,32
2ep8A01.pdb,32
1p0hA00.pdb,32
1yw4A00.pdb,32
2e0gA00.pdb,32
5jvlC01.pdb,32
2pplA02.pdb,32
1kehA01.pdb,32
3upuA01.pdb,32
3urfA00.pdb,32
1f20A02.pdb,32
3lofA00.pdb,32
3luqA00.pdb,32
2rbhA00.pdb,32
4avrA00.pdb,32
3ejxB01.pdb,32
2iy9A00.pdb,32
3wwhA01.pdb,32
2qpvA00.pdb,32
5iebA00.pdb,32
3sdsA02.pdb,32
3sigA00.pdb,32
5jabA00.pdb,32
2uxuB00.pdb,32
4oavB02.pdb,32
3fcmA00.pdb,32
1y9qA02.pdb,32
4ddnA00.pdb,32
3fgbA00.pdb,32
1gnlA02.pdb,32
3h6f200.pdb,32
3s79A00.pdb,32
2az4A01.pdb,32
2i8eA01.pdb,32
4hubG01.pdb,32
2mzjA00.pdb,32
1yvwA00.pdb,32
3brkX02.pdb,32
1ks5A00.pdb,32
1cczA01.pdb,32
5cgmA03.pdb,32
4atnA02.pdb,32
3guzB00.pdb,32
1xj5A01.pdb,32
1gpmA03.pdb,32
3gk0A00.pdb,32
1jofA00.pdb,32
3sc3A01.pdb,32
2o1mA01.pdb,32
2gn0A02.pdb,32
3p2mA00.pdb,32
3dxyA00.pdb,32
1so7A00.pdb,32
2xzmH01.pdb,32
3t7aA02.pdb,32
1gikA01.pdb,32
1w94A00.pdb,32
1dmxA00.pdb,32
1xm9A01.pdb,32
1uruA01.pdb,32
4emiA03.pdb,32
2or2A00.pdb,32
4bwiB02.pdb,32
1d8cA01.pdb,32
3o8jA01.pdb,32
5kbkA00.pdb,32
2qfyA00.pdb,32
3ghgB02.pdb,32
3gveA00.pdb,32
1ezuA00.pdb,32
4aybB07.pdb,32
5lltA00.pdb,32
2eyqA07.pdb,32
2c5qA00.pdb,32
2gzaB02.pdb,32
3kzhA00.pdb,32
1y97A01.pdb,32
2qwzA01.pdb,32
3thdC02.pdb,32
3st7A02.pdb,32
2qsfA01.pdb,32
3igfB01.pdb,32
2gahB02.pdb,32
1mj9A02.pdb,32
3gm8A03.pdb,32
2iusA02.pdb,32
1wm5A00.pdb,32
4le3C00.pdb,32
2p6wA00.pdb,32
2hx5A00.pdb,32
2aw4F00.pdb,32
2vz9A05.pdb,32
3j7aF02.pdb,32
5tk8A00.pdb,32
5y77A01.pdb,32
2w98B01.pdb,32
3twiA00.pdb,32
3pdiB01.pdb,32
3m6aA03.pdb,32
3k41A00.pdb,32
3milB00.pdb,32
1k1wA01.pdb,32
1sm4A01.pdb,32
4ccdA01.pdb,32
2wmfA01.pdb,32
5mghA01.pdb,32
1z90B01.pdb,32
3aihB01.pdb,32
4rd7A00.pdb,32
4mz3A00.pdb,32
1bplA01.pdb,32
2resA00.pdb,32
1k32A02.pdb,32
4arnA00.pdb,32
4m9uA02.pdb,32
1aopA02.pdb,32
2ghrA01.pdb,32
3amlA02.pdb,32
2w3pA02.pdb,32
1v31A00.pdb,32
4bbyA03.pdb,32
4khbB01.pdb,32
4k7jA01.pdb,32
5fwqA04.pdb,32
4ouqA00.pdb,32
3kb1A01.pdb,32
3syxA00.pdb,32
1imjA00.pdb,32
1a5yA00.pdb,32
3f1sB03.pdb,32
4gu5B01.pdb,32
2gsoA01.pdb,32
3ibyB01.pdb,32
5fcdA00.pdb,32
1hxaA02.pdb,32
4zm4D01.pdb,32
3zvqA00.pdb,32
2x4mB00.pdb,32
4zoeA01.pdb,32
1n5uA05.pdb,32
2qi2A03.pdb,32
3hn6F00.pdb,32
4wwhA02.pdb,32
1glvA02.pdb,32
6c1zA00.pdb,32
1bprA00.pdb,32
1xvyA02.pdb,32
4bq6A01.pdb,32
3v76A01.pdb,32
1cx4A02.pdb,32
2g3aA02.pdb,32
1ypxA00.pdb,32
3ah5B00.pdb,32
2zqeA00.pdb,32
2k54A00.pdb,32
1r30A00.pdb,32
6g2jF02.pdb,32
4ex4A03.pdb,32
4ztkA00.pdb,32
6g2jK00.pdb,32
3cr8C02.pdb,32
3qb8A00.pdb,32
4g6zA01.pdb,32
3ac6A01.pdb,32
2gzoA02.pdb,32
2qbyA03.pdb,32
2r3bA01.pdb,32
1r5mA00.pdb,32
3n6rA02.pdb,32
3enoB01.pdb,32
2cfuA03.pdb,32
1t6bY00.pdb,32
3i9xA00.pdb,32
2ehbD00.pdb,32
3cpnA00.pdb,32
1u77A00.pdb,32
4udsA00.pdb,32
3vzbB01.pdb,32
1nh8A02.pdb,32
2fgeA04.pdb,32
3vkgA07.pdb,32
1f38A00.pdb,32
3qekA02.pdb,32
2lkmB00.pdb,32
3t57A01.pdb,32
4l68A01.pdb,32
3qr5A00.pdb,32
3hzrA01.pdb,32
4pw3A01.pdb,32
4qiwA04.pdb,32
6c5cA01.pdb,32
2in1A00.pdb,32
3rysB00.pdb,32
2n2zA00.pdb,32
4o06A00.pdb,32
1zbtA02.pdb,32
3mdqA01.pdb,32
1bdhA01.pdb,32
4ml9A00.pdb,32
2qnkA00.pdb,32
1g4wR02.pdb,32
3h99A03.pdb,32
4rg4A01.pdb,32
2dyqA00.pdb,32
2z5xA02.pdb,32
2yysA00.pdb,32
3hwsC01.pdb,32
1at0A00.pdb,32
3mbhA00.pdb,32
3fg6A01.pdb,32
2xr9A04.pdb,32
3h2zA02.pdb,32
1kplA00.pdb,32
1g1xB00.pdb,32
3l9bA00.pdb,32
1slmA00.pdb,32
3gywA02.pdb,32
5egjA00.pdb,32
3wisA00.pdb,32
6c08B01.pdb,32
1mdaH00.pdb,32
2pgfA00.pdb,32
1epfA02.pdb,32
2odpA02.pdb,32
5szjA00.pdb,32
3ef8A00.pdb,32
1y5iA04.pdb,32
1d5yB03.pdb,32
2j5aA00.pdb,32
2gfiA02.pdb,32
4m37A02.pdb,32
1khbA03.pdb,32
2bpoA02.pdb,32
4hlnA02.pdb,32
1m9sA01.pdb,32
1on2A02.pdb,32
3girA02.pdb,32
3esiA00.pdb,32
1dkyB02.pdb,32
1espA01.pdb,32
1se9A00.pdb,32
3cgvA02.pdb,32
3mcpA02.pdb,32
4qpmA02.pdb,32
1oqlB01.pdb,32
2v55A01.pdb,32
3ec9A00.pdb,32
6avoB00.pdb,32
1kqfA02.pdb,32
1fo1B00.pdb,32
2vz8A03.pdb,32
4a15A04.pdb,32
1s4uX00.pdb,32
3caxA02.pdb,32
2v70A00.pdb,32
3o2uA01.pdb,32
3hy0A01.pdb,32
4gyrA01.pdb,32
1lamA01.pdb,32
1izkA02.pdb,32
4hs5A00.pdb,32
3f7sA00.pdb,32
1fmzA00.pdb,32
1vjhA00.pdb,32
1ddgA02.pdb,32
4nj7A00.pdb,32
2ca6A00.pdb,32
1zcdA00.pdb,32
1dzfA02.pdb,32
4jgwB02.pdb,32
3my7B02.pdb,32
3tp9A02.pdb,32
4fsxA01.pdb,32
1m1sA00.pdb,32
3e0jA02.pdb,32
1i9tA00.pdb,32
1ji4A00.pdb,32
2uwaA00.pdb,32
2v6fA00.pdb,32
1pbwB00.pdb,32
1wraA01.pdb,32
3dl1A01.pdb,32
3winC00.pdb,32
4hvmB01.pdb,32
2wapA00.pdb,32
3u5zF00.pdb,32
4nn1A00.pdb,32
4leuA00.pdb,32
1s2mA02.pdb,32
3bxtA01.pdb,32
1usuA01.pdb,32
1yrhA00.pdb,32
2fi7A00.pdb,32
3i7jA00.pdb,32
1u6gC00.pdb,32
4f9zA01.pdb,32
1b5fC00.pdb,32
4p79A00.pdb,32
5xtbC00.pdb,32
3blzA00.pdb,32
1sr4B00.pdb,32
2d4zB00.pdb,32
3f59D00.pdb,32
3is2A00.pdb,32
2ogxB00.pdb,32
2xexA04.pdb,32
4kikB02.pdb,32
4v19O00.pdb,32
4tlgB01.pdb,32
2cxiA02.pdb,32
4loaA00.pdb,32
3nmeA01.pdb,32
3tr3A00.pdb,32
5tprA01.pdb,32
1ye9A02.pdb,32
1to0A00.pdb,32
4idsA02.pdb,32
2qh9A00.pdb,32
1e3dB00.pdb,32
1vwxA01.pdb,32
5flmC02.pdb,32
1b5tA00.pdb,32
2dohX00.pdb,32
3kir700.pdb,32
4pqoA00.pdb,32
2pmqA02.pdb,32
4pypA00.pdb,32
3egyX00.pdb,32
2xq2A01.pdb,32
1yagA04.pdb,32
3sfzA01.pdb,32
2vldA02.pdb,32
3p0iB01.pdb,32
2iv7A02.pdb,32
3hnoA01.pdb,32
1fhfA02.pdb,32
4a1sA00.pdb,32
1tueD00.pdb,32
3ec3A02.pdb,32
2iz6A00.pdb,32
3cjmA00.pdb,32
3t5yB01.pdb,32
3ngqA00.pdb,32
4e5vA00.pdb,32
5x8tG02.pdb,32
6iqxA02.pdb,32
5vmkA01.pdb,32
1fbsA00.pdb,32
1h59B00.pdb,32
1bf2A02.pdb,32
1vloA01.pdb,32
1rv2A02.pdb,32
1vkvA01.pdb,32
2ip4A03.pdb,32
3ncvA01.pdb,32
4gtnA01.pdb,32
4zi5A00.pdb,32
6d2kA02.pdb,32
1pf5A00.pdb,32
2bi0A02.pdb,32
4ejqA02.pdb,32
1d2rA01.pdb,32
1rbaA02.pdb,32
4dcmA02.pdb,32
1pv4A01.pdb,32
1a3dA00.pdb,32
1vhqA00.pdb,32
2o7iA02.pdb,32
4a9aA02.pdb,32
1e2jA00.pdb,32
4l3vA03.pdb,32
1pjqA03.pdb,32
2dc1A02.pdb,32
4chiA02.pdb,32
3b0nA03.pdb,32
2eu1A01.pdb,32
3h37A01.pdb,32
2wjzD00.pdb,32
1nyrB02.pdb,32
4ogqC01.pdb,32
1afwA02.pdb,32
4bc2A02.pdb,32
4jwoA01.pdb,32
1z6rA03.pdb,32
3fesA00.pdb,32
4bucA01.pdb,32
4e3eA00.pdb,32
2ql8A00.pdb,32
1djtA00.pdb,32
4ou7A00.pdb,32
4pf1A01.pdb,32
1tllA01.pdb,32
2uy1A00.pdb,32
4jklA03.pdb,32
3cnvA01.pdb,32
1c3qA00.pdb,32
1ab8A00.pdb,32
2vliA00.pdb,32
1u8sA02.pdb,32
2zr9A02.pdb,32
4a04A00.pdb,32
2xrcB03.pdb,32
1v1qA00.pdb,32
1yo5C00.pdb,32
5x0wF00.pdb,32
1jb0A00.pdb,32
3hn7A01.pdb,32
1fguB01.pdb,32
2j5zA01.pdb,32
3b5qA00.pdb,32
4dr1L00.pdb,32
3fzvA03.pdb,32
3cslA02.pdb,32
3aesB02.pdb,32
1dgfA01.pdb,32
1wkrA02.pdb,32
6aqzF01.pdb,32
2bp1B00.pdb,32
4h3vA01.pdb,32
2g0wA00.pdb,32
4mi5A00.pdb,32
4tm5A02.pdb,32
4ecnA03.pdb,32
3ottA01.pdb,32
4js8A01.pdb,32
2vorA02.pdb,32
1e3mA05.pdb,32
4c8pA00.pdb,32
1od2A01.pdb,32
3bwuF00.pdb,32
2ipyA02.pdb,32
3j7ye00.pdb,32
3cngA02.pdb,32
1ufwA00.pdb,32
1j4jA00.pdb,32
2bl9A00.pdb,32
1gytL01.pdb,32
2edgA00.pdb,32
3cioA00.pdb,32
4hrwB01.pdb,32
5m43A00.pdb,32
1nmoA01.pdb,32
3qy9B01.pdb,32
2nutC00.pdb,32
4epaA00.pdb,32
4hkmA01.pdb,32
4e79B01.pdb,32
2asuB02.pdb,32
6gdmA01.pdb,32
2hhpA02.pdb,32
4f3nA00.pdb,32
2qjcA00.pdb,32
3r0hC02.pdb,32
4eunA00.pdb,32
4iv0B00.pdb,32
4djdD01.pdb,32
5v6fA00.pdb,32
2xtzA02.pdb,32
4z4jA00.pdb,32
2p0iA01.pdb,32
4i7zA00.pdb,32
3wdvB00.pdb,32
2pljA01.pdb,32
4qxdB02.pdb,32
4kc3A00.pdb,32
1fp3A00.pdb,32
4njmA02.pdb,32
4p4mA02.pdb,32
1xjvA02.pdb,32
5tj3A01.pdb,32
5itqA01.pdb,32
3moiA02.pdb,32
1tmoA04.pdb,32
1twfA04.pdb,32
4ip2A02.pdb,32
3vr2A03.pdb,32
5trdA02.pdb,32
4ianA01.pdb,32
2z86D01.pdb,32
3aekB04.pdb,32
5aj3P00.pdb,32
1m2oA01.pdb,32
3qvpA03.pdb,32
3widA02.pdb,32
2qh7B01.pdb,32
1skoB00.pdb,32
1wd3A02.pdb,32
3kt4A01.pdb,32
1e20A00.pdb,32
2ds5A00.pdb,32
3io3A01.pdb,32
5cs2A00.pdb,32
2i2cA02.pdb,32
2wvlB00.pdb,32
5ewpA00.pdb,32
3nk4A02.pdb,32
5cj9A02.pdb,32
2ckiA00.pdb,32
1g8mA03.pdb,32
1u3iA01.pdb,32
2amjA00.pdb,32
3oulA00.pdb,32
3dddA01.pdb,32
3louA02.pdb,32
2nyiA01.pdb,32
3nd1A01.pdb,32
3cnuA00.pdb,32
1e3mB04.pdb,32
4mlgG00.pdb,32
5tz6B02.pdb,32
2oeqA00.pdb,32
1sa0A01.pdb,32
2dirA01.pdb,32
5t5iD00.pdb,32
3shpA00.pdb,32
3ktnA00.pdb,32
3cqyA01.pdb,32
4d0kA01.pdb,32
3k2qA02.pdb,32
2nq3A00.pdb,32
5fusA01.pdb,32
1xrbA03.pdb,32
3lnnB01.pdb,32
3bj7A00.pdb,32
1y69U01.pdb,32
1i1aC01.pdb,32
1z7bA02.pdb,32
4i6jB02.pdb,32
2hc8A00.pdb,32
4kcfA02.pdb,32
2dm4A01.pdb,32
2iksA02.pdb,32
4tknA01.pdb,32
1bkcE00.pdb,32
4l4qA03.pdb,32
2qwwA00.pdb,32
1gx1A00.pdb,32
2almA02.pdb,32
4i79A00.pdb,32
4q7aA02.pdb,32
4da2A01.pdb,32
2vz8A04.pdb,32
2xzm100.pdb,32
3i10A00.pdb,32
3grlA00.pdb,32
3t23A01.pdb,32
5dj1A02.pdb,32
3it8D01.pdb,32
1k07A00.pdb,32
3p9dG03.pdb,32
2c0uA03.pdb,32
1in0A02.pdb,32
3s5fA00.pdb,32
1e9rD01.pdb,32
2ff4A01.pdb,32
4akrA01.pdb,32
1r43A02.pdb,32
3mq9D00.pdb,32
1q9jB02.pdb,32
3rfeA00.pdb,32
2odaA00.pdb,32
3wz2B00.pdb,32
5ahkA01.pdb,32
1yk3B00.pdb,32
3rd5A00.pdb,32
5szmA04.pdb,32
5tkyA04.pdb,32
1z0sA01.pdb,32
2ahuA02.pdb,32
4yfkA03.pdb,32
1vx2I02.pdb,32
4aidA02.pdb,32
1yawA01.pdb,32
2qyvA01.pdb,32
1j7gA00.pdb,32
3mklA00.pdb,32
3ee4A00.pdb,32
1xt5A00.pdb,32
5fifE01.pdb,32
2f7lA02.pdb,32
3uoaB01.pdb,32
3f2bA08.pdb,32
3t7dA02.pdb,32
3d8bB02.pdb,32
3mvdK00.pdb,32
3madA02.pdb,32
1gtxA02.pdb,32
3pveA00.pdb,32
1a0cA00.pdb,32
5cxmA00.pdb,32
5xyiU00.pdb,32
3qhyB00.pdb,32
3ceaA01.pdb,32
4fymF00.pdb,32
2z0bA00.pdb,32
4q7qA00.pdb,32
1d6nA00.pdb,32
4a2bA01.pdb,32
3veaA02.pdb,32
4l3tB01.pdb,32
5l3qB02.pdb,32
1t98A01.pdb,32
1grjA01.pdb,32
4y7dA00.pdb,32
3wkrA02.pdb,32
3rgaA01.pdb,32
3iibA02.pdb,32
3thxB02.pdb,32
2qjfA02.pdb,32
3om0A01.pdb,32
1s3sH00.pdb,32
2greA01.pdb,32
5h3cA00.pdb,32
4q62A00.pdb,32
3og2A05.pdb,32
5k8cA01.pdb,32
1tltA02.pdb,32
2yq5C01.pdb,32
4ziyA01.pdb,32
2e26A01.pdb,32
1p91A00.pdb,32
3n70A00.pdb,32
1dwqA00.pdb,32
4cvpA00.pdb,32
3cj1A02.pdb,32
1ndbA01.pdb,32
3vx8A02.pdb,32
2r2zA00.pdb,32
1qmiA02.pdb,32
5ygbA02.pdb,32
4nh0A03.pdb,32
3b33A00.pdb,32
3pz0A00.pdb,32
4aurA01.pdb,32
1wosA04.pdb,32
1f3lA02.pdb,32
5cm2Z00.pdb,32
3fygA01.pdb,32
4n81A02.pdb,32
3pebA00.pdb,32
2oztA02.pdb,32
1xjhA00.pdb,32
2vecA02.pdb,32
3iupA02.pdb,32
5bp7A00.pdb,32
1hkgA03.pdb,32
16pkA02.pdb,32
1dmgA00.pdb,32
2xubA01.pdb,32
2ac1A02.pdb,32
3stoA01.pdb,32
1i51A00.pdb,32
3mwzA00.pdb,32
3hcyA00.pdb,32
3k1yA00.pdb,32
1hzoA00.pdb,32
4rd4A02.pdb,32
4wlwA00.pdb,32
2d1pA00.pdb,32
1vi7A02.pdb,32
5kohA02.pdb,32
1u63A01.pdb,32
3uueA00.pdb,32
1bj4A01.pdb,32
2jlnA00.pdb,32
1a7aA02.pdb,32
3zwcA03.pdb,32
1gpjA01.pdb,32
2j6vA00.pdb,32
1y9xA01.pdb,32
4eycB00.pdb,32
1auiA00.pdb,32
3uowA02.pdb,32
1vp4A01.pdb,32
1yocA00.pdb,32
3apoA06.pdb,32
4o6yB00.pdb,32
1y0gA00.pdb,32
3juwA00.pdb,32
4tx1A00.pdb,32
4azsA01.pdb,32
4azzA00.pdb,32
3a0fA02.pdb,32
4wbyA02.pdb,32
5a58A02.pdb,32
1c41A00.pdb,32
1xu1A00.pdb,32
4cu7A02.pdb,32
2d0bA01.pdb,32
2qlrA02.pdb,32
3hh1A00.pdb,32
2fyiA02.pdb,32
2dt8A02.pdb,32
2f9aA01.pdb,32
1irxA01.pdb,32
2vsoF01.pdb,32
1w66A01.pdb,32
3gi8C00.pdb,32
2a8eA00.pdb,32
3bdvA00.pdb,32
1sqgA01.pdb,32
1tfzA01.pdb,32
1tzfA00.pdb,32
1g8kA03.pdb,32
4fpxA02.pdb,32
3amkA03.pdb,32
1p5hA01.pdb,32
4c4vB02.pdb,32
3m0eA01.pdb,32
2w3cA01.pdb,32
3uogA01.pdb,32
3h27A00.pdb,32
2q9oA01.pdb,32
4lctB00.pdb,32
1xf1A01.pdb,32
1y0eA00.pdb,32
2ol5A00.pdb,32
6df3L02.pdb,32
1reqB01.pdb,32
2dgxA01.pdb,32
3ip1A01.pdb,32
4ce7B00.pdb,32
3nkdB01.pdb,32
6dfeB02.pdb,32
5xuxD00.pdb,32
4ammA00.pdb,32
1zswA01.pdb,32
2q0yA01.pdb,32
3r0xA01.pdb,32
3zscA00.pdb,32
3hdjA02.pdb,32
5tj5E00.pdb,32
2yf0A01.pdb,32
3cqnB00.pdb,32
1h54A02.pdb,32
1nr0A01.pdb,32
4c4aA04.pdb,32
4ci8A01.pdb,32
4esaD00.pdb,32
2z86D02.pdb,32
4i5jA02.pdb,32
2ntkB00.pdb,32
3d2fA02.pdb,32
3qyqA00.pdb,32
5drvA00.pdb,32
4htyA00.pdb,32
5v7qC01.pdb,32
3vq2C00.pdb,32
4ky9P00.pdb,32
2c81A02.pdb,32
4hvcB02.pdb,32
2opkA01.pdb,32
1cjcA02.pdb,32
6eieA02.pdb,32
4e6yA03.pdb,32
2pmzN00.pdb,32
1ea0A01.pdb,32
1evlA01.pdb,32
3d3cK00.pdb,32
5d6nA00.pdb,32
2x4dA02.pdb,32
4pwyA00.pdb,32
3cxnA00.pdb,32
5ab4A00.pdb,32
3r6dA00.pdb,32
4mypA00.pdb,32
5bowA00.pdb,32
3vwaA03.pdb,32
1c8jA00.pdb,32
5wq3B01.pdb,32
5f9eA01.pdb,32
2dgmA02.pdb,32
3douA00.pdb,32
1zp6A00.pdb,32
1wuuA01.pdb,32
1nd7A03.pdb,32
2l0bA00.pdb,32
1al3A02.pdb,32
3gf3A03.pdb,32
3vgzA00.pdb,32
2pw6A00.pdb,32
6a7uA00.pdb,32
1znoA00.pdb,32
2hekA01.pdb,32
3a27A00.pdb,32
4q9aA00.pdb,32
1b4aA01.pdb,32
1fi2A00.pdb,32
1jq5A02.pdb,32
5fmgJ00.pdb,32
1a4eA00.pdb,32
5v89A02.pdb,32
2hmcA00.pdb,32
4idiA00.pdb,32
3c8dB02.pdb,32
3if2A00.pdb,32
2cmgA02.pdb,32
2rqrA00.pdb,32
1jl5A00.pdb,32
3eikA02.pdb,32
5gvyA00.pdb,32
5w1aB01.pdb,32
3rgqA00.pdb,32
3fcsB03.pdb,32
1sw6A00.pdb,32
2xzhA00.pdb,32
2dyoA03.pdb,32
4b0iE00.pdb,32
1bp1A01.pdb,32
4q6vA00.pdb,32
1vq8L02.pdb,32
3nmrA01.pdb,32
2mdrA00.pdb,32
4cgyA02.pdb,32
1dbhA01.pdb,32
2ffsA00.pdb,32
4dm4A00.pdb,32
4dq8B01.pdb,32
2zl1A00.pdb,32
4kp2A02.pdb,32
4n49A00.pdb,32
2fgdA01.pdb,32
1f7uA02.pdb,32
2h0uA00.pdb,32
4joiA00.pdb,32
3n0aA01.pdb,32
4du6E01.pdb,32
1mqhA02.pdb,32
4ovjA02.pdb,32
4ifdF00.pdb,32
1yr1A00.pdb,32
4k3jB02.pdb,32
4yshA02.pdb,32
2onkC00.pdb,32
3bjnA00.pdb,32
1tgoA02.pdb,32
1b1yA00.pdb,32
4c91A04.pdb,32
2qlwA01.pdb,32
2efkA01.pdb,32
2gy5A03.pdb,32
3n7cA00.pdb,32
5euzA00.pdb,32
4bsjA02.pdb,32
1nl1A00.pdb,32
5znqA00.pdb,32
1jxhA00.pdb,32
4nwbA01.pdb,32
4xrtA02.pdb,32
3icrA01.pdb,32
1nkqA00.pdb,32
4a64A02.pdb,32
1h65A00.pdb,32
1js3A02.pdb,32
2b5nB00.pdb,32
1knrA01.pdb,32
1ogqA00.pdb,32
4cvuA03.pdb,32
3a5zD02.pdb,32
4bemJ00.pdb,32
2hqsA01.pdb,32
1vs5N01.pdb,32
4kboA02.pdb,32
1cl1A01.pdb,32
4c4aA03.pdb,32
2qjoA01.pdb,32
4wiaA00.pdb,32
3nbxX04.pdb,32
1vw4Z00.pdb,32
4levA02.pdb,32
4b7oA02.pdb,32
1ft9A01.pdb,32
2wweA01.pdb,32
2eezA01.pdb,32
5eufA02.pdb,32
3ffvA00.pdb,32
1h0hB01.pdb,32
5k24C00.pdb,32
1iq0A01.pdb,32
2kcqA00.pdb,32
1lvwD00.pdb,32
4a0fA01.pdb,32
3tjzB00.pdb,32
2ijd101.pdb,32
3p26B02.pdb,32
5cehA02.pdb,32
3bejB00.pdb,32
4gnxC02.pdb,32
1wpqA01.pdb,32
5cvrA02.pdb,32
1cz3B00.pdb,32
1lrzA02.pdb,32
2jysA00.pdb,32
1e30A00.pdb,32
3ib6C00.pdb,32
2w2kA01.pdb,32
2i5eA01.pdb,32
1kheA01.pdb,32
4i4cB00.pdb,32
4rkuL00.pdb,32
1wvuB02.pdb,32
3qwbA01.pdb,32
1acoA01.pdb,32
3mt0A00.pdb,32
3qfkA02.pdb,32
3kveA03.pdb,32
1eblA02.pdb,32
5cefA01.pdb,32
3gzgA01.pdb,32
2x5nA01.pdb,32
4basA00.pdb,32
2aliA00.pdb,32
2z0uA00.pdb,32
4tr3A00.pdb,32
3c26A00.pdb,32
2hzpA01.pdb,32
5z9yB00.pdb,32
3v9hD01.pdb,32
1ucyE00.pdb,32
4abyA00.pdb,32
3rf9B02.pdb,32
1x1aA01.pdb,32
4g6hA00.pdb,32
3lurA00.pdb,32
2f7vA02.pdb,32
1nxuA02.pdb,32
4cisA01.pdb,32
1xr4A01.pdb,32
2cy8A01.pdb,32
3nnjA00.pdb,32
2jgdA04.pdb,32
2ha9A00.pdb,32
1r6bX05.pdb,32
3mz2A00.pdb,32
1mfzA03.pdb,32
1u60A00.pdb,32
4gvqA01.pdb,32
3w9iC01.pdb,32
3lovA02.pdb,32
1ay0A01.pdb,32
2kdbA00.pdb,32
1s3zA00.pdb,32
4cvnA00.pdb,32
1khdD02.pdb,32
2w2xC00.pdb,32
3fl2A00.pdb,32
3hlkA02.pdb,32
2q3zA03.pdb,32
4bf9A01.pdb,32
1jh6A00.pdb,32
1qhnA00.pdb,32
2gnkA00.pdb,32
3widA01.pdb,32
2iz1B01.pdb,32
2b83A01.pdb,32
3sreA00.pdb,32
2hzhA03.pdb,32
3l4cA00.pdb,32
1dcsA00.pdb,32
3sz3A02.pdb,32
1epaA00.pdb,32
2zgcA01.pdb,32
1vkfA00.pdb,32
3nqoA00.pdb,32
3k5wA02.pdb,32
3lwaA01.pdb,32
1ybxB00.pdb,32
1zc3B00.pdb,32
1gvhA01.pdb,32
5xo1F00.pdb,32
4r3aA01.pdb,32
3kkgA00.pdb,32
3cu7A06.pdb,32
1dgsA02.pdb,32
3rv1B02.pdb,32
3pzjA00.pdb,32
1yj5A01.pdb,32
4jdzB03.pdb,32
3glvA00.pdb,32
2c42A02.pdb,32
1yb4A02.pdb,32
3rojB01.pdb,32
2wxyC02.pdb,32
1rkxB02.pdb,32
3jyhA01.pdb,32
1sxjH02.pdb,32
3knvA00.pdb,32
5o5jT00.pdb,32
1do8A01.pdb,32
1xe1A00.pdb,32
1jeyB01.pdb,32
3pfoA02.pdb,32
1do8A02.pdb,32
3bacA01.pdb,32
1xkgA00.pdb,32
1dp4C02.pdb,32
3ku7B00.pdb,32
1fhvA02.pdb,32
4cyjB02.pdb,32
3nw0B01.pdb,32
1j6oA00.pdb,32
2wp8A00.pdb,32
1flgA00.pdb,32
5f33A01.pdb,32
4mlcA02.pdb,32
3p7lA03.pdb,32
3u5wA00.pdb,32
2jgdB02.pdb,32
2cfxA02.pdb,32
4rctA01.pdb,32
4ak1A04.pdb,32
4ry2A01.pdb,32
2kg4A00.pdb,32
2qgqA01.pdb,32
1n95A00.pdb,32
3f9tA01.pdb,32
2g8yA02.pdb,32
4j8lA01.pdb,32
3es4A00.pdb,32
1bgqA00.pdb,32
3pm0A00.pdb,32
4g92C00.pdb,32
5d01A01.pdb,32
3balA01.pdb,32
3p3gA02.pdb,32
2fbeA00.pdb,32
2qs9A00.pdb,32
1vkpA00.pdb,32
2pr7A00.pdb,32
1pgd003.pdb,32
2a6xA00.pdb,32
4k90A01.pdb,32
3ihgA02.pdb,32
3ac6A04.pdb,32
1y89A00.pdb,32
3hfnA00.pdb,32
2pw9D03.pdb,32
1ryiA01.pdb,32
1r43A01.pdb,32
3d7nA00.pdb,32
4q5wA02.pdb,32
1qxmA02.pdb,32
3tujA00.pdb,32
3w7tA01.pdb,32
1ds1A00.pdb,32
2q78A00.pdb,32
3bzwA00.pdb,32
5dllA03.pdb,32
2e4uA03.pdb,32
2z64A00.pdb,32
4ofzA02.pdb,32
1eh1A02.pdb,32
3dqpA00.pdb,32
3nnkA02.pdb,32
5dzyB01.pdb,32
2cjaA02.pdb,32
5h8yD02.pdb,32
3o4hA01.pdb,32
3kg2B01.pdb,32
3lzkA00.pdb,32
1m6nA01.pdb,32
1to3A00.pdb,32
5dm6J01.pdb,32
3tqiA01.pdb,32
5cx7E00.pdb,32
6i18A02.pdb,32
1j9aA00.pdb,32
1vx7D02.pdb,32
4inoA02.pdb,32
3qaeA01.pdb,32
3axgK00.pdb,32
1l9qA02.pdb,32
2o36A02.pdb,32
1kuxA00.pdb,32
1uwkB01.pdb,32
1ts9A00.pdb,32
1a7cA02.pdb,32
1nxuA01.pdb,32
2q99A01.pdb,32
2gjuA00.pdb,32
5eroA00.pdb,32
1mmuA00.pdb,32
1bcoA01.pdb,32
2oseA00.pdb,32
4k90A02.pdb,32
3i4pA02.pdb,32
3fp3A01.pdb,32
1gtvA00.pdb,32
2v5cA01.pdb,32
4ia5A01.pdb,32
3eweA01.pdb,32
3llcA00.pdb,32
4n1iA00.pdb,32
3foeA01.pdb,32
1twdA00.pdb,32
2nacA02.pdb,32
2pywA02.pdb,32
3i3vA02.pdb,32
2qcuA02.pdb,32
1xsvA00.pdb,32
4xxhA01.pdb,32
3uo7A00.pdb,32
2fwvA00.pdb,32
4ipaB01.pdb,32
1inlC02.pdb,32
1w63Q00.pdb,32
1cukA03.pdb,32
2gs9A01.pdb,32
1tg6E00.pdb,32
5ifpA04.pdb,32
4atyA00.pdb,32
2ix0A02.pdb,32
4d53A00.pdb,32
4bcmD01.pdb,32
2v7gA02.pdb,32
2h8gA00.pdb,32
1hcnA00.pdb,32
2m87A00.pdb,32
1dc4A02.pdb,32
6htoB00.pdb,32
3jtnB00.pdb,32
4itcA00.pdb,32
2xkjE01.pdb,32
3g6eZ00.pdb,32
3ayjA01.pdb,32
1gkkA00.pdb,32
1v57A03.pdb,32
1v7wA01.pdb,32
3rnrA00.pdb,32
1kjzA03.pdb,32
1gmwA01.pdb,32
2iqtA00.pdb,32
4bk4A03.pdb,32
1bt9A00.pdb,32
1waaC00.pdb,32
1g13A00.pdb,32
3nutB02.pdb,32
2ed8A01.pdb,32
1w5sA02.pdb,32
4xeaA02.pdb,32
4lrzE01.pdb,32
2qlcA00.pdb,32
2qtsA02.pdb,32
2fjuB03.pdb,32
1vh3B00.pdb,32
2r5rA00.pdb,32
4d79A00.pdb,32
1v33A01.pdb,32
5gudA03.pdb,32
3ks5A00.pdb,32
2w2iC00.pdb,32
3bxpA00.pdb,32
1sbzA00.pdb,32
4arxA03.pdb,32
3iaaA02.pdb,32
1wmxB00.pdb,32
3r0zA02.pdb,32
3m6xA02.pdb,32
1e7uA04.pdb,32
3er7A00.pdb,32
5swhB01.pdb,32
1nbuA00.pdb,32
5dmxA02.pdb,32
1vq8P01.pdb,32
4a4dA00.pdb,32
4d8tA02.pdb,32
3dcpA00.pdb,32
5ktaA00.pdb,32
4dwsA02.pdb,32
1u1vA02.pdb,32
4r9pA00.pdb,32
1fgxA00.pdb,32
2iw2A01.pdb,32
4qgsA01.pdb,32
1f52A01.pdb,32
3rzaA01.pdb,32
1z01A01.pdb,32
2gsdA01.pdb,32
3zuxA00.pdb,32
1vx7H01.pdb,32
2xhgA02.pdb,32
2rcnA01.pdb,32
4dimA01.pdb,32
3ighX02.pdb,32
5ilnA02.pdb,32
1n9rB00.pdb,32
2pkdA00.pdb,32
2w96B02.pdb,32
3e57A00.pdb,32
1gccA00.pdb,32
1fc4A01.pdb,32
1cliA02.pdb,32
2pziB02.pdb,32
1fepA02.pdb,32
5ahkA02.pdb,32
2f9yA00.pdb,32
2plcA00.pdb,32
2zxeA02.pdb,32
2ypdB01.pdb,32
3hc7A01.pdb,32
2uuvB01.pdb,32
3io1A01.pdb,32
2vkwA02.pdb,32
1cp2A00.pdb,32
3ggdA00.pdb,32
3mqoA00.pdb,32
3a58A01.pdb,32
3soeA00.pdb,32
3decA01.pdb,32
3ghfA00.pdb,32
3v3tA01.pdb,32
3hrdA02.pdb,32
2vhoR00.pdb,32
2gfpA00.pdb,32
1wsrA04.pdb,32
3pubA02.pdb,32
4j7pB00.pdb,32
1wqlA01.pdb,32
1n4qB00.pdb,32
2vhoB01.pdb,32
2ok2A03.pdb,32
2ds3A03.pdb,32
4wb1A01.pdb,32
3f2bA04.pdb,32
1pj5A04.pdb,32
1rypA00.pdb,32
4h6pA00.pdb,32
4oxiA02.pdb,32
1a5cA00.pdb,32
1wh0A01.pdb,32
1bgr002.pdb,32
4s2rQ03.pdb,32
2afaA00.pdb,32
1vl2D02.pdb,32
1vkyB01.pdb,32
1x9nA01.pdb,32
1g1cA00.pdb,32
1afiA00.pdb,32
1w5cC02.pdb,32
3w3uA01.pdb,32
1sbyA00.pdb,32
3d8pA00.pdb,32
3ot1A00.pdb,32
2braA01.pdb,32
1qmgA02.pdb,32
2jbvA04.pdb,32
1x9jB01.pdb,32
1ni5A01.pdb,32
4bfcA00.pdb,32
4ovdA03.pdb,32
4dqaA02.pdb,32
1uwnX00.pdb,32
3mo4A02.pdb,32
5hxgB00.pdb,32
3gyrA03.pdb,32
5yeiA01.pdb,32
1hqvA00.pdb,32
5tgfA00.pdb,32
3s1sA02.pdb,32
4baxA01.pdb,32
2q01A01.pdb,32
1u0kA02.pdb,32
3am6A00.pdb,32
1gsaA01.pdb,32
1vdgA02.pdb,32
2f4pA00.pdb,32
5ey3B01.pdb,32
4ur7A00.pdb,32
4b08A03.pdb,32
3mcqA02.pdb,32
1mk1A00.pdb,32
3ogzA01.pdb,32
2gjxA02.pdb,32
1cyyA02.pdb,32
1pvdA02.pdb,32
5uagE00.pdb,32
3af5A03.pdb,32
3eixA02.pdb,32
1u71A00.pdb,32
3euoA01.pdb,32
1pcaA01.pdb,32
3h7jA02.pdb,32
1q47A00.pdb,32
4wgfA00.pdb,32
2o1xC01.pdb,32
4wedA01.pdb,32
1m32A02.pdb,32
5k8pA02.pdb,32
2zu6F01.pdb,32
5t0oA02.pdb,32
1a0hA01.pdb,32
1sg3A01.pdb,32
4g2uA00.pdb,32
1l7yA00.pdb,32
5im5A00.pdb,32
3tcmA01.pdb,32
4ckbA01.pdb,32
4hznA00.pdb,32
3u4qB03.pdb,32
1k30A02.pdb,32
3gxgA00.pdb,32
4h5iA00.pdb,32
1lshA01.pdb,32
3kcnA00.pdb,32
5a1mA00.pdb,32
1svvA01.pdb,32
2dpwA00.pdb,32
5g5gC03.pdb,32
1yt5A01.pdb,32
2r19A00.pdb,32
5aycA00.pdb,32
2dxqA00.pdb,32
3lm7A00.pdb,32
1sb7A01.pdb,32
4hvmA02.pdb,32
5i78A00.pdb,32
1n9pA00.pdb,32
4dxfA01.pdb,32
5hzxA00.pdb,32
2omdA00.pdb,32
2wrzB01.pdb,32
2a06B02.pdb,32
1xtoA00.pdb,32
2p1rA01.pdb,32
4ix3A02.pdb,32
4wfqA00.pdb,32
5t8jA00.pdb,32
5ylhA00.pdb,32
5fl3A02.pdb,32
4f67A01.pdb,32
3mjkA00.pdb,32
2gm3A00.pdb,32
1lqvB00.pdb,32
3o7xA00.pdb,32
1pzxB01.pdb,32
2q3fA00.pdb,32
4iusA00.pdb,32
1fzdA02.pdb,32
4c23B01.pdb,32
2b7oA01.pdb,32
3av0A01.pdb,32
3k11A00.pdb,32
1r3dA00.pdb,32
1vq8X00.pdb,32
3a6sA00.pdb,32
1kp0A01.pdb,32
3ljkA01.pdb,32
1lwsA03.pdb,32
2y1yA00.pdb,32
1cjxB02.pdb,32
3shqA02.pdb,32
1jx7A00.pdb,32
1e2wA02.pdb,32
3d0kA00.pdb,32
3n2oA03.pdb,32
2dtcA00.pdb,32
1jlxA01.pdb,32
1izcA00.pdb,32
1yovB01.pdb,32
1chhA00.pdb,32
3kysA00.pdb,32
1qzyA01.pdb,32
5an3D00.pdb,32
3mfxA00.pdb,32
3ispB02.pdb,32
5unaA00.pdb,32
4je5C00.pdb,32
3rhaA00.pdb,32
4oelA02.pdb,32
1z7aA00.pdb,32
3gn3A00.pdb,32
1k35A03.pdb,32
5jeaC00.pdb,32
4pkiG02.pdb,32
3qqwA01.pdb,32
1ak2A00.pdb,32
5cj3A00.pdb,32
2pq6A01.pdb,32
4ccdA03.pdb,32
1zpwX00.pdb,32
5c4qB00.pdb,32
1dpbA00.pdb,32
4xtkB02.pdb,32
4ufcA01.pdb,32
4neeB00.pdb,32
2iukA01.pdb,32
2piaA01.pdb,32
3dupA01.pdb,32
2ogjA02.pdb,32
1doiA00.pdb,32
2o7rA00.pdb,32
1hhnA00.pdb,32
4a57A02.pdb,32
1g7rA01.pdb,32
4ga6A03.pdb,32
3bkrA00.pdb,32
3ir9A02.pdb,32
1nulA00.pdb,32
1ileA03.pdb,32
2hf8A00.pdb,32
1ezvC00.pdb,32
6nbpA01.pdb,32
1qhhA00.pdb,32
3opbA02.pdb,32
1i9dA00.pdb,32
3n7tA00.pdb,32
2fsxA00.pdb,32
3ty5A01.pdb,32
3n8hA02.pdb,32
1ffvB01.pdb,32
4cidA02.pdb,32
1l6wA00.pdb,32
1a94A00.pdb,32
1iwmA00.pdb,32
1l3wA04.pdb,32
3qe5A01.pdb,32
1fy2A00.pdb,32
4gmnA00.pdb,32
1pi3A01.pdb,32
1zkkB00.pdb,32
5w36B01.pdb,32
1wyuA02.pdb,32
1vwxQ00.pdb,32
1kq6A00.pdb,32
4o61A00.pdb,32
3kf3A02.pdb,32
5o9xA03.pdb,32
1n5oX02.pdb,32
3dxoA00.pdb,32
4iu8A01.pdb,32
1w4sA00.pdb,32
2am1A03.pdb,32
3hk4C00.pdb,32
5ttjB01.pdb,32
5a2nA00.pdb,32
1wxrA01.pdb,32
4rbnA01.pdb,32
3a1jA00.pdb,32
1nlqE00.pdb,32
3hn7A02.pdb,32
6amyA01.pdb,32
2dksA00.pdb,32
2p4oA01.pdb,32
4m0wA03.pdb,32
2gdqA01.pdb,32
5gqwA02.pdb,32
4gp3A03.pdb,32
3flpA00.pdb,32
3q9cA00.pdb,32
3nzoB00.pdb,32
4o5qA01.pdb,32
1uwvA03.pdb,32
1xtdA01.pdb,32
2o8pA00.pdb,32
3orqA02.pdb,32
2zezC00.pdb,32
4iihB04.pdb,32
5a4jA03.pdb,32
3fmcA01.pdb,32
3gwbA02.pdb,32
5dm1A00.pdb,32
2nu7A02.pdb,32
3igqC00.pdb,32
1smxA00.pdb,32
1fx4A00.pdb,32
1vioA02.pdb,32
3eywB02.pdb,32
1oenA03.pdb,32
4ci8A02.pdb,32
4oxrA01.pdb,32
2wjqA00.pdb,32
2wk1A00.pdb,32
1ex9A00.pdb,32
3adrA00.pdb,32
2o5vA02.pdb,32
3sahA01.pdb,32
1uyvB02.pdb,32
5f7vA00.pdb,32
2fb2B00.pdb,32
2nmsA00.pdb,32
3ut2A01.pdb,32
2q3xA00.pdb,32
3nutC01.pdb,32
3wmsA04.pdb,32
3r9aC01.pdb,32
1nwhA02.pdb,32
4i86A00.pdb,32
2p4vA02.pdb,32
5cyfC00.pdb,32
2zuqA00.pdb,32
2wskA03.pdb,32
2j0aA00.pdb,32
1yc9A01.pdb,32
1dklB01.pdb,32
1pl6A02.pdb,32
2ganA01.pdb,32
2x34A00.pdb,32
5lzkA00.pdb,32
1ka2A00.pdb,32
2xxzA00.pdb,32
5mj3A03.pdb,32
4r6hA02.pdb,32
2xexA02.pdb,32
1jzdC00.pdb,32
3d5lB01.pdb,32
1sxvA00.pdb,32
5vnxA01.pdb,32
3urrA00.pdb,32
3bk1A02.pdb,32
2c6zA00.pdb,32
3hpbA00.pdb,32
2oyzA00.pdb,32
3c7tA01.pdb,32
3eapD00.pdb,32
1bwdA00.pdb,32
2flqA01.pdb,32
5a0zD00.pdb,32
1iabA00.pdb,32
2g40A00.pdb,32
3zdbA02.pdb,32
1fx3B00.pdb,32
4wz9A02.pdb,32
1upsB01.pdb,32
3r0aA00.pdb,32
4qamB00.pdb,32
1qu3A03.pdb,32
1e3mA01.pdb,32
4cc9A00.pdb,32
3ktaA00.pdb,32
1ihuA02.pdb,32
4xijA02.pdb,32
2e1qC01.pdb,32
2arzA01.pdb,32
2fgzA02.pdb,32
2anuA00.pdb,32
2hjhA02.pdb,32
3c1oA01.pdb,32
1l5oA02.pdb,32
2fr1A00.pdb,32
1rz0A00.pdb,32
1xn7A00.pdb,32
1ox7A00.pdb,32
3al2A01.pdb,32
1wfmA00.pdb,32
3oyzA01.pdb,32
2qtcA02.pdb,32
5hh1A00.pdb,32
5f8vA02.pdb,32
1tm0A02.pdb,32
2qgqA02.pdb,32
2oarC01.pdb,32
2wdqA03.pdb,32
3dcyA00.pdb,32
2gzrA00.pdb,32
2hzbA00.pdb,32
4j7hA02.pdb,32
5braA01.pdb,32
2lzuA00.pdb,32
6bfnB02.pdb,32
4jphB00.pdb,32
4j57A03.pdb,32
3lvuA00.pdb,32
5g5eA02.pdb,32
2lghA00.pdb,32
5f56A03.pdb,32
2oniA01.pdb,32
2d7iA02.pdb,32
4hwiB01.pdb,32
1uv4A00.pdb,32
1vlqA00.pdb,32
1omzB00.pdb,32
2p4sA00.pdb,32
4v1rA00.pdb,32
2qi2A01.pdb,32
1s14B00.pdb,32
3spdA00.pdb,32
3qa8G01.pdb,32
1ixcA02.pdb,32
5aa5E00.pdb,32
2i5iA00.pdb,32
2czvC01.pdb,32
4asmB00.pdb,32
5gz3A01.pdb,32
2lknA00.pdb,32
3zihB00.pdb,32
3qhpA00.pdb,32
4nehA04.pdb,32
1vwxI01.pdb,32
1k3rA01.pdb,32
4ua3A00.pdb,32
3h6xA00.pdb,32
3k0zA00.pdb,32
2m2bA00.pdb,32
3c0tA00.pdb,32
4a35A02.pdb,32
3euwA02.pdb,32
3hrzA04.pdb,32
5cviA01.pdb,32
2y4oA01.pdb,32
2fxaA00.pdb,32
2q04A00.pdb,32
1nfoA00.pdb,32
3fo5B00.pdb,32
4leeA02.pdb,32
4pf6A00.pdb,32
1nrkA02.pdb,32
5b1aB02.pdb,32
2nn5A00.pdb,32
2o2cC01.pdb,32
1htyA01.pdb,32
3snyA00.pdb,32
3fd8A02.pdb,32
5gan800.pdb,32
4on3A00.pdb,32
3iraA00.pdb,32
3c4nA01.pdb,32
2ppwA00.pdb,32
2cjsA01.pdb,32
2z83A01.pdb,32
2fo1E00.pdb,32
1ewfA02.pdb,32
2zjtB01.pdb,32
3q41A01.pdb,32
1k8iA02.pdb,32
1t5lA01.pdb,32
2jkbA01.pdb,32
1jtkA00.pdb,32
3gs6A00.pdb,32
2wjyA02.pdb,32
2uv0E00.pdb,32
4b1bA00.pdb,32
1pixA02.pdb,32
3nb0D01.pdb,32
1jyoA00.pdb,32
4uuwB02.pdb,32
2pzhA00.pdb,32
3qo6C01.pdb,32
3db2A02.pdb,32
2jz4A02.pdb,32
3fidA00.pdb,32
4nleA01.pdb,32
1qz5A03.pdb,32
4clcA00.pdb,32
3ei3A02.pdb,32
6dquA02.pdb,32
2vgeA00.pdb,32
2yzyA00.pdb,32
1czoA00.pdb,32
2q9uB01.pdb,32
2fgeA02.pdb,32
2rsvA00.pdb,32
1o66A00.pdb,32
3v5nA02.pdb,32
1nolA03.pdb,32
3feuA00.pdb,32
3ghmA03.pdb,32
3au3A00.pdb,32
4gc0A01.pdb,32
1f2kA00.pdb,32
2jjsC00.pdb,32
3zefE06.pdb,32
1rrvA01.pdb,32
3s6gA01.pdb,32
2vunA02.pdb,32
1owfB00.pdb,32
1o70A02.pdb,32
4jnqA02.pdb,32
2wmlA00.pdb,32
3u0jA00.pdb,32
1n1bA01.pdb,32
1vf7A02.pdb,32
1yavB00.pdb,32
4ke4A01.pdb,32
1cmbA00.pdb,32
3fayA00.pdb,32
2y43A00.pdb,32
3cu2A00.pdb,32
1vmdA00.pdb,32
4i19A00.pdb,32
1wwlB00.pdb,32
3cvjA00.pdb,32
3e6dB00.pdb,32
1j6pA02.pdb,32
3ec8A00.pdb,32
1ffvB03.pdb,32
3k7xA00.pdb,32
2hivA03.pdb,32
1uwyA01.pdb,32
1ql0A00.pdb,32
2fvvA00.pdb,32
2y8hA00.pdb,32
2qyoB01.pdb,32
1juvA00.pdb,32
3hx3A02.pdb,32
3l0zA00.pdb,32
5ermB00.pdb,32
3oxpA00.pdb,32
1f7uA03.pdb,32
2vhcA01.pdb,32
4cogA00.pdb,32
4bcuA00.pdb,32
1g9rA00.pdb,32
4mo0A00.pdb,32
4hdeA00.pdb,32
3ulkA02.pdb,32
2hdwA01.pdb,32
5awwY00.pdb,32
1sgvA02.pdb,32
4zr8B00.pdb,32
4k84A00.pdb,32
4ca1B02.pdb,32
2r44A02.pdb,32
3tujC02.pdb,32
3e8oA00.pdb,32
3h90A02.pdb,32
1z68A02.pdb,32
3h1tA02.pdb,32
2qfiA01.pdb,32
1eluA02.pdb,32
2h21C01.pdb,32
1x2gA01.pdb,32
2fg6C02.pdb,32
1xvsA00.pdb,32
1id1A00.pdb,32
2g38B00.pdb,32
5iznA00.pdb,32
2yqcA01.pdb,32
1qcxA00.pdb,32
4tx8A02.pdb,32
1wkyA02.pdb,32
1t7lB01.pdb,32
4uejA02.pdb,32
4gl2A01.pdb,32
4j25F00.pdb,32
2hmhA00.pdb,32
3umvA01.pdb,32
4pqhA01.pdb,32
3uj4A02.pdb,32
1g8xA06.pdb,32
4wcjA00.pdb,32
4kavA00.pdb,32
3cisH00.pdb,32
1cx0A00.pdb,32
5veqB01.pdb,32
3bpvA00.pdb,32
1uaiA00.pdb,32
1ji3A00.pdb,32
4heaA00.pdb,32
1mo9A03.pdb,32
1reqA02.pdb,32
1fnoA02.pdb,32
4gytA00.pdb,32
3e2vB00.pdb,32
2ynkA00.pdb,32
4mu9A00.pdb,32
1v5pA01.pdb,32
1vd6A00.pdb,32
6hulB02.pdb,32
4d9nA02.pdb,32
2qecA00.pdb,32
1dwaM00.pdb,32
4a8jA00.pdb,32
3n0wA01.pdb,32
1j20A01.pdb,32
3h86A00.pdb,32
1c7sA02.pdb,32
1r6bX04.pdb,32
2yu2A01.pdb,32
1afsA00.pdb,32
5gizA02.pdb,32
4f52C02.pdb,32
1lnsA02.pdb,32
4gouA02.pdb,32
1u5uA00.pdb,32
1cqzA01.pdb,32
3c8eB01.pdb,32
1qocA00.pdb,32
2k5vA00.pdb,32
1bxrE01.pdb,32
2uvfA01.pdb,32
3p1zB02.pdb,32
3me8B00.pdb,32
1xmbA01.pdb,32
2rdqA00.pdb,32
1o6bA00.pdb,32
4a37A02.pdb,32
4u3vA00.pdb,32
6d2qA03.pdb,32
2i59A00.pdb,32
2ft0A00.pdb,32
3swoA03.pdb,32
3dmaA01.pdb,32
3kjhA00.pdb,32
2kc1A00.pdb,32
4jvcA00.pdb,32
3ixrA00.pdb,32
3w0fA01.pdb,32
1d9sA00.pdb,32
2zzeA03.pdb,32
3fjyA01.pdb,32
2sqcA02.pdb,32
1q57D02.pdb,32
5ojbA00.pdb,32
3cu0A00.pdb,32
2a1uA02.pdb,32
1w26A02.pdb,32
2b7uA01.pdb,32
2ffeA02.pdb,32
3gqcC01.pdb,32
5fqdE02.pdb,32
3h0uB00.pdb,32
2vz8A06.pdb,32
1ayfA00.pdb,32
2ekdA00.pdb,32
4g37A02.pdb,32
1o88A00.pdb,32
1r3fA02.pdb,32
6d6tE01.pdb,32
1wd3A01.pdb,32
3ziwA02.pdb,32
1okcA00.pdb,32
1vj7B01.pdb,32
4a6fB00.pdb,32
3t9wA01.pdb,32
1t9zA00.pdb,32
4mfiA00.pdb,32
3dplC02.pdb,32
1ik6A01.pdb,32
1uqtA01.pdb,32
2d4rA00.pdb,32
3wa6A00.pdb,32
3op1A01.pdb,32
1huxA02.pdb,32
1sg4A01.pdb,32
4ogqD02.pdb,32
3mdpA00.pdb,32
2g36A02.pdb,32
1pz3A02.pdb,32
1gmeA00.pdb,32
5dncA01.pdb,32
1igrA03.pdb,32
6j6gi00.pdb,32
2d3aA02.pdb,32
1vlpA00.pdb,32
3dgtA00.pdb,32
2f5tX01.pdb,32
5yeiB02.pdb,32
1e0tA02.pdb,32
4f6cA00.pdb,32
2cduA01.pdb,32
2ykfA02.pdb,32
3bnvA00.pdb,32
2zxkA00.pdb,32
3dmgA01.pdb,32
1wp5A00.pdb,32
1nlfA00.pdb,32
2vqeD01.pdb,32
2dh2A01.pdb,32
4n9xA01.pdb,32
5xtyB02.pdb,32
1zs7A02.pdb,32
1a05A00.pdb,32
4pv4A01.pdb,32
4bucA02.pdb,32
1xdpA02.pdb,32
1in0A01.pdb,32
2nx2A00.pdb,32
3f6tA03.pdb,32
3rqbA00.pdb,32
1p1eA00.pdb,32
1so2A00.pdb,32
2o1sA03.pdb,32
4jkqA02.pdb,32
1iuhA00.pdb,32
1on2A01.pdb,32
4omfA00.pdb,32
6bomE01.pdb,32
1cx8A01.pdb,32
1c4kA02.pdb,32
1gjzA00.pdb,32
3f6aA00.pdb,32
3f8hA00.pdb,32
5dj1A01.pdb,32
1e3hA03.pdb,32
3l8aA01.pdb,32
3a4uA00.pdb,32
4opcA00.pdb,32
1efhA00.pdb,32
6b8sA00.pdb,32
5kvyA01.pdb,32
1bjtA05.pdb,32
2z0fA04.pdb,32
3ihgA03.pdb,32
1sdiA00.pdb,32
2vqeN00.pdb,32
3f2iA00.pdb,32
5fqdB01.pdb,32
2wafA03.pdb,32
1t07A00.pdb,32
1f59A00.pdb,32
3ig5A02.pdb,32
2e2oA01.pdb,32
1vk6A01.pdb,32
1nnvA01.pdb,32
2w3zA00.pdb,32
1wsjA00.pdb,32
4pprA00.pdb,32
1dqgA00.pdb,32
1tbnA00.pdb,32
5mgwA02.pdb,32
3vsjD00.pdb,32
4lirA01.pdb,32
2py6A03.pdb,32
2efpA02.pdb,32
2yuyA00.pdb,32
1vi4A00.pdb,32
2uz4A01.pdb,32
2nu8B03.pdb,32
1ynyA01.pdb,32
3vk8A02.pdb,32
2xvlA02.pdb,32
2xn7A02.pdb,32
1p9eA00.pdb,32
3unaB02.pdb,32
1ek4A01.pdb,32
4fflA02.pdb,32
4pdcE00.pdb,32
4e9xA02.pdb,32
4yn0A01.pdb,32
1j1lA02.pdb,32
1p0kA00.pdb,32
3fvzA00.pdb,32
3op6A00.pdb,32
4ae2C01.pdb,32
3k7dA03.pdb,32
3h5oA02.pdb,32
2x3wC01.pdb,32
1yo8A05.pdb,32
3fg9C01.pdb,32
1iknD00.pdb,32
3opxA01.pdb,32
2pifA02.pdb,32
3jv9A01.pdb,32
3ingA01.pdb,32
3m8uA02.pdb,32
3wlaA00.pdb,32
2ji7A03.pdb,32
2i6gA00.pdb,32
2fi1A01.pdb,32
4dxbA03.pdb,32
4c2mB08.pdb,32
2qk2A01.pdb,32
2yyuB00.pdb,32
2xq0A03.pdb,32
1h4eA00.pdb,32
1s9uA00.pdb,32
3d3zA00.pdb,32
1t0tV02.pdb,32
1m8zA00.pdb,32
6bz1D01.pdb,32
2x2uA02.pdb,32
2b8eA02.pdb,32
1evjC02.pdb,32
2pofA00.pdb,32
1jqdA00.pdb,32
4gcoA00.pdb,32
1umpA01.pdb,32
3vqtA01.pdb,32
2a5hA02.pdb,32
1zkzA00.pdb,32
2fiqA01.pdb,32
4bv4R00.pdb,32
5a64B00.pdb,32
1nztA01.pdb,32
3fk5A01.pdb,32
2r6fA04.pdb,32
2xmqA00.pdb,32
4gomE01.pdb,32
3gkrA01.pdb,32
4dleA03.pdb,32
1n0wA00.pdb,32
2kctA01.pdb,32
2b5wA02.pdb,32
5u2jB00.pdb,32
2f8lA02.pdb,32
2porA00.pdb,32
2ffeA01.pdb,32
1qwoA01.pdb,32
3cmbA00.pdb,32
1i0zA01.pdb,32
5yxtA01.pdb,32
2vdfA00.pdb,32
4uzsB02.pdb,32
3gffA00.pdb,32
3v4cA02.pdb,32
1oj5A00.pdb,32
3eetA02.pdb,32
3caiA02.pdb,32
2hyvA01.pdb,32
1tlyA00.pdb,32
4awjA00.pdb,32
2e7gA01.pdb,32
4kjzB03.pdb,32
6hf1A02.pdb,32
3p7lA04.pdb,32
1rocA00.pdb,32
4pv2B00.pdb,32
1q18A01.pdb,32
3mdnA00.pdb,32
2p4zA00.pdb,32
1d4tA00.pdb,32
1nj1A03.pdb,32
4xaaA00.pdb,32
3ahcA02.pdb,32
3vpdA03.pdb,32
3evzA01.pdb,32
4u2mA02.pdb,32
5d6oA00.pdb,32
3ot5A02.pdb,32
1vr0A00.pdb,32
1ve5C01.pdb,32
3mwdA03.pdb,32
1gkuB02.pdb,32
1r55A00.pdb,32
4domA01.pdb,32
5mmiY00.pdb,32
3pplA02.pdb,32
1j0wA00.pdb,32
2w3pA01.pdb,32
3zypA00.pdb,32
3jx9A00.pdb,32
1i6uA02.pdb,32
1dt4A00.pdb,32
3r96B00.pdb,32
1vwxM01.pdb,32
3kd6A00.pdb,32
4f3qA03.pdb,32
3kw2A02.pdb,32
1krrA00.pdb,32
1h3dA03.pdb,32
4f80A02.pdb,32
6fkfB03.pdb,32
5in4B01.pdb,32
4hslA01.pdb,32
1h4yA00.pdb,32
1t0hB00.pdb,32
1h30A01.pdb,32
2oczA00.pdb,32
2pjdA01.pdb,32
4bb7B00.pdb,32
1sfpA00.pdb,32
3jz3B01.pdb,32
1ajaB00.pdb,32
4dckA01.pdb,32
2qtiA00.pdb,32
3q5wA00.pdb,32
3i6sA03.pdb,32
1vk3A03.pdb,32
3fdxA00.pdb,32
6bk1A01.pdb,32
3vliA04.pdb,32
1vx7d00.pdb,32
3ibjA01.pdb,32
4pysA01.pdb,32
4evqA02.pdb,32
1w36F03.pdb,32
2n8mA00.pdb,32
4d9vB00.pdb,32
3mw3A00.pdb,32
1nkgA01.pdb,32
3lmbA01.pdb,32
2pbzA01.pdb,32
3lvtA01.pdb,32
1j58A01.pdb,32
1agyA00.pdb,32
3bgtA01.pdb,32
3iwcB00.pdb,32
4mmhA02.pdb,32
2dckA02.pdb,32
1gz5A02.pdb,32
4il2A02.pdb,32
3lf7A01.pdb,32
1fxkA00.pdb,32
3p9vA00.pdb,32
1dgsA03.pdb,32
3eeaA00.pdb,32
4dapA02.pdb,32
2acxA01.pdb,32
1uaaA04.pdb,32
1phzA00.pdb,32
2a7kB01.pdb,32
2j0wA01.pdb,32
1ex7A01.pdb,32
3gp6A00.pdb,32
1r17A02.pdb,32
3gdcA02.pdb,32
5ihbA02.pdb,32
3ohwA00.pdb,32
3kyhC01.pdb,32
6r8kB00.pdb,32
1c0pA02.pdb,32
3qkxA00.pdb,32
2ci8A01.pdb,32
2gagA02.pdb,32
4l7qA00.pdb,32
1fobA00.pdb,32
4ozuA01.pdb,32
2opwA00.pdb,32
1ej8A00.pdb,32
2debA03.pdb,32
4q0cA01.pdb,32
1twfA03.pdb,32
3ifcA02.pdb,32
2kdxA00.pdb,32
4gicA02.pdb,32
5kolD00.pdb,32
4pqqA00.pdb,32
1tk1A00.pdb,32
5cyxA02.pdb,32
2evrA02.pdb,32
3l7iA02.pdb,32
1su3A02.pdb,32
1ea6A01.pdb,32
1zboA01.pdb,32
3aayA01.pdb,32
5cvjB01.pdb,32
2uv8G04.pdb,32
1yc0I00.pdb,32
3lybA00.pdb,32
3weeB02.pdb,32
3kboA01.pdb,32
3f8uB02.pdb,32
1hk7A02.pdb,32
3dl1A02.pdb,32
1vl5A00.pdb,32
2ebbA00.pdb,32
1foaA01.pdb,32
3k30A02.pdb,32
3h36A00.pdb,32
4tquM01.pdb,32
2pcsA00.pdb,32
3mzwA03.pdb,32
5vacA00.pdb,32
3dwlH00.pdb,32
4zs8B01.pdb,32
1r5bA01.pdb,32
3u9lA00.pdb,32
4v19F00.pdb,32
4qmgA02.pdb,32
1q46A01.pdb,32
1u58A01.pdb,32
3p2hA00.pdb,32
3cnyA00.pdb,32
5ac4A02.pdb,32
4jxqA00.pdb,32
3gzdA01.pdb,32
1a22A00.pdb,32
3wyfE00.pdb,32
4s3jB02.pdb,32
6ediA02.pdb,32
1vrsD00.pdb,32
2hczX01.pdb,32
4gcnA00.pdb,32
1usgA01.pdb,32
3w6wB01.pdb,32
3k1zA01.pdb,32
1xo5B00.pdb,32
4ylmX00.pdb,32
3psfA04.pdb,32
1qj8A00.pdb,32
5ok4A01.pdb,32
1e1gA00.pdb,32
1ii2B01.pdb,32
1e5eA02.pdb,32
2gh1A01.pdb,32
1ujmA01.pdb,32
3pv1A01.pdb,32
1ciaA00.pdb,32
2r6oA00.pdb,32
3bmbA02.pdb,32
4qlzB00.pdb,32
3ec3A01.pdb,32
1o2fB00.pdb,32
4q5qB00.pdb,32
2x2sC00.pdb,32
2xzmT00.pdb,32
3dwbA01.pdb,32
1wfxA02.pdb,32
3ew7A00.pdb,32
1ilvA00.pdb,32
3d3kA00.pdb,32
1eksA00.pdb,32
2f00A01.pdb,32
5gtqA00.pdb,32
3zyjB02.pdb,32
1gzmA00.pdb,32
1rjgA00.pdb,32
1yw0A00.pdb,32
4oseB00.pdb,32
1w98B02.pdb,32
1xnfA00.pdb,32
1j8dA00.pdb,32
2oi2A02.pdb,32
3citA00.pdb,32
4w9rA01.pdb,32
2xt6B03.pdb,32
2a07J00.pdb,32
1v6bA00.pdb,32
1gytL02.pdb,32
3djaA03.pdb,32
1cyfA01.pdb,32
1w36B05.pdb,32
5aykA04.pdb,32
1ia5A00.pdb,32
2pokA01.pdb,32
1ffvC03.pdb,32
1cygA03.pdb,32
2iteA00.pdb,32
2pg3A00.pdb,32
3bkxA00.pdb,32
3c2gA01.pdb,32
4a17B03.pdb,32
4iciA00.pdb,32
3f27D00.pdb,32
1f0iA01.pdb,32
1mkiA01.pdb,32
2dulA01.pdb,32
4ioyX02.pdb,32
1fmjA00.pdb,32
3bczA00.pdb,32
1k92A03.pdb,32
1v60A01.pdb,32
3c8zA01.pdb,32
5cgzA00.pdb,32
4mncA00.pdb,32
1aznA00.pdb,32
3aljA01.pdb,32
3m3pA00.pdb,32
1h0hA04.pdb,32
1y7rA00.pdb,32
3dnjA00.pdb,32
2wtgA00.pdb,32
2qsrA01.pdb,32
1mzpA02.pdb,32
1se8A02.pdb,32
4nx0A01.pdb,32
1ni4B02.pdb,32
1b5fB00.pdb,32
3fj1A01.pdb,32
1tg7A02.pdb,32
1v9dC02.pdb,32
4qbuA02.pdb,32
2yg2B00.pdb,32
4f3qA01.pdb,32
2oap102.pdb,32
1udsA01.pdb,32
4ponA00.pdb,32
3kuxA02.pdb,32
4r8mA01.pdb,32
3gqbA04.pdb,32
2g8kA00.pdb,32
1f1uA02.pdb,32
3vmnA02.pdb,32
1oaaA00.pdb,32
4c0aE03.pdb,32
4lsdA00.pdb,32
3gbhA00.pdb,32
2wolA01.pdb,32
3pvcA03.pdb,32
1a9xA06.pdb,32
4c1qA00.pdb,32
2kcoA01.pdb,32
3ukaA01.pdb,32
4elnA00.pdb,32
2azkA00.pdb,32
1mz4A00.pdb,32
3c5mA00.pdb,32
2vrdA00.pdb,32
4nc6A03.pdb,32
1nzjA02.pdb,32
3gglA00.pdb,32
1ni5A02.pdb,32
1gq8A00.pdb,32
4b56A02.pdb,32
3euhA02.pdb,32
1ycdB00.pdb,32
5ysnB02.pdb,32
2nyeA00.pdb,32
1bvnP01.pdb,32
2qltA01.pdb,32
3g2eB00.pdb,32
3pu9A00.pdb,32
3jyoA01.pdb,32
1burS00.pdb,32
3ibwA00.pdb,32
5ll6T02.pdb,32
1xipA00.pdb,32
1g88A00.pdb,32
2jlqA02.pdb,32
1gxsA00.pdb,32
2kt9A01.pdb,32
3ec7A02.pdb,32
3ssmC02.pdb,32
3cj8B02.pdb,32
2y28A00.pdb,32
4m3pC00.pdb,32
1n0lA01.pdb,32
5c5yA00.pdb,32
2xzmO02.pdb,32
3aqpA03.pdb,32
1ks9A02.pdb,32
1h6dA01.pdb,32
2c0fB01.pdb,32
5d6dC02.pdb,32
2ydyA00.pdb,32
3ubgB01.pdb,32
3sl9B00.pdb,32
3ke7A00.pdb,32
2qi2A02.pdb,32
3kqxL01.pdb,32
2derA03.pdb,32
2qr6A02.pdb,32
4fd7A00.pdb,32
4c2tD03.pdb,32
3ruiA00.pdb,32
3lkxB00.pdb,32
4efiA00.pdb,32
4i83A00.pdb,32
2afcA00.pdb,32
2mi6A00.pdb,32
1vi1A00.pdb,32
2qytA01.pdb,32
3l81A01.pdb,32
4dzrA00.pdb,32
5a5xA02.pdb,32
1dv5A00.pdb,32
3pcoB06.pdb,32
1fx0A02.pdb,32
2py5A02.pdb,32
4m6gA00.pdb,32
2b3yA02.pdb,32
2xqxA00.pdb,32
1lm0A00.pdb,32
1wa9A02.pdb,32
4ehiA03.pdb,32
1shsA00.pdb,32
2ctjA00.pdb,32
4nn2B00.pdb,32
1jz7A02.pdb,32
1tdqA01.pdb,32
3khxA01.pdb,32
3nlcA02.pdb,32
1ddqC02.pdb,32
4auiA00.pdb,32
6qm7N00.pdb,32
1jf9A01.pdb,32
3b7kC02.pdb,32
1gq6B00.pdb,32
4jriB00.pdb,32
1ll8A00.pdb,32
1orqC01.pdb,32
1k32A01.pdb,32
3qdkA02.pdb,32
5d4kA02.pdb,32
5twrA03.pdb,32
3w1iA02.pdb,32
5y1xA01.pdb,32
2zzeA04.pdb,32
3k7dA01.pdb,32
1pujA01.pdb,32
3i4kA01.pdb,32
3wsoA02.pdb,32
2c29D00.pdb,32
1xg9A01.pdb,32
1tzkC01.pdb,32
4mn6A00.pdb,32
1ax0A00.pdb,32
4xcbD00.pdb,32
2oh1A00.pdb,32
1rm6A03.pdb,32
1ba3A02.pdb,32
3pnnA00.pdb,32
4ttbA00.pdb,32
4dmgA03.pdb,32
1npdB02.pdb,32
5csrC00.pdb,32
1knxA01.pdb,32
1ixgA02.pdb,32
3u1rA02.pdb,32
1q2lA04.pdb,32
2qdrA01.pdb,32
3l07B01.pdb,32
2f9fA00.pdb,32
1vq8C00.pdb,32
1aamA02.pdb,32
4gwmA02.pdb,32
3laoB01.pdb,32
2vq8A00.pdb,32
1ff9A01.pdb,32
1khfA02.pdb,32
3ciaA01.pdb,32
5vn4B00.pdb,32
4asiF03.pdb,32
1josA00.pdb,32
3outA02.pdb,32
1q9jB01.pdb,32
1tkeA01.pdb,32
1w36B03.pdb,32
3iq0A00.pdb,32
3c48A01.pdb,32
2ixaA02.pdb,32
2z67A00.pdb,32
3ty1A00.pdb,32
3jamd00.pdb,32
3dmnA00.pdb,32
1sq5C00.pdb,32
2a6hC04.pdb,32
2xdfA02.pdb,32
2xr1B04.pdb,32
2zxqA05.pdb,32
4bzyA01.pdb,32
